[
  {
    "id": "api-1",
    "name": "Account Validation",
    "slug": "account-validation",
    "category": "Payment APIs",
    "status": "Generally Available",
    "version": "1.0",
    "description": "Verify US account ownership and assess risk before initiating payments. Validate up to 100 accounts per API call against Early Warning Services database.",
    "region": "US Only",
    "authentication": "OAuth 2.0",
    "rateLimit": "100 requests/minute",
    "features": [
      "Batch validation (up to 100 accounts)",
      "Risk assessment scoring (LOW, MEDIUM, HIGH)",
      "PII verification (SSN, DOB, Tax ID)",
      "Field-level encryption support",
      "Real-time account ownership verification"
    ],
    "useCases": [
      "Vendor payment validation",
      "Fraud prevention",
      "Onboarding verification"
    ]
  },
  {
    "id": "api-2",
    "name": "ACH Payments",
    "slug": "ach-payments",
    "category": "Payment APIs",
    "status": "Generally Available",
    "version": "1.0.1",
    "description": "Initiate US domestic payments via ACH network. Supports both credit and debit transactions with ISO 20022 message standards.",
    "region": "US",
    "authentication": "OAuth 2.0",
    "rateLimit": "200 requests/minute",
    "features": [
      "ISO 20022 PAIN.001 (credit transfers)",
      "ISO 20022 PAIN.008 (debit transfers)",
      "Same-day ACH support",
      "Batch payment processing",
      "Real-time status updates via webhooks"
    ],
    "useCases": [
      "Payroll processing",
      "Vendor payments",
      "Direct debit collections"
    ]
  },
  {
    "id": "api-3",
    "name": "EFT Payments",
    "slug": "eft-payments",
    "category": "Payment APIs",
    "status": "Generally Available",
    "version": "2.2.5",
    "description": "Canadian domestic payments via Electronic Funds Transfer network. Process credit and debit transactions using ISO 20022 standards.",
    "region": "Canada",
    "authentication": "OAuth 2.0",
    "rateLimit": "200 requests/minute",
    "features": [
      "ISO 20022 PAIN.001 messages",
      "Credit and debit transfers",
      "Batch processing support",
      "Real-time notifications",
      "Multiple currency support (CAD)"
    ],
    "useCases": [
      "Canadian payroll",
      "Supplier payments",
      "Pre-authorized debits"
    ]
  },
  {
    "id": "api-4",
    "name": "Wire Payments",
    "slug": "wire-payments",
    "category": "Payment APIs",
    "status": "Generally Available",
    "version": "1.0.2",
    "description": "International and domestic wire transfers with same-day settlement. Supports SWIFT messaging for cross-border payments.",
    "region": "US/Canada/International",
    "authentication": "OAuth 2.0",
    "rateLimit": "100 requests/minute",
    "features": [
      "ISO 20022 PAIN.001 standard",
      "Same-day domestic wires",
      "International SWIFT transfers",
      "Multi-currency support",
      "Payment status tracking"
    ],
    "useCases": [
      "High-value payments",
      "International transfers",
      "Real estate transactions"
    ]
  },
  {
    "id": "api-5",
    "name": "Instant Payments (Interac)",
    "slug": "instant-payments-interac",
    "category": "Payment APIs",
    "status": "Generally Available",
    "version": "1.1.0",
    "description": "Real-time payments in Canada via Interac network. Send instant payments 24/7/365 with immediate settlement.",
    "region": "Canada",
    "authentication": "OAuth 2.0",
    "rateLimit": "150 requests/minute",
    "features": [
      "Real-time payment processing",
      "24/7/365 availability",
      "Immediate settlement",
      "Payment notifications",
      "Interac e-Transfer integration"
    ],
    "useCases": [
      "Instant payouts",
      "Gig economy payments",
      "Emergency disbursements"
    ]
  },
  {
    "id": "api-6",
    "name": "Push Notifications",
    "slug": "push-notifications",
    "category": "Payment APIs",
    "status": "Generally Available",
    "version": "1.0.0",
    "description": "Real-time payment status updates via webhooks. Receive event-driven notifications for all payment lifecycle events.",
    "region": "Global",
    "authentication": "OAuth 2.0 + Webhook Signature",
    "rateLimit": "N/A (event-driven)",
    "features": [
      "Real-time event notifications",
      "Multiple payment rail support",
      "Webhook signature verification",
      "Retry logic with exponential backoff",
      "Event filtering and routing"
    ],
    "useCases": [
      "Payment reconciliation",
      "Customer notifications",
      "Workflow automation"
    ]
  },
  {
    "id": "api-7",
    "name": "Account Information",
    "slug": "account-information",
    "category": "Account Reporting APIs",
    "status": "Generally Available",
    "version": "2.0.0",
    "description": "Retrieve account balances, transaction history, and account details in real-time. ISO 20022 CAMT message format.",
    "region": "US/Canada",
    "authentication": "OAuth 2.0",
    "rateLimit": "300 requests/minute",
    "features": [
      "Real-time balance inquiries",
      "Transaction history retrieval",
      "ISO 20022 CAMT.053 format",
      "Multi-account support",
      "Date range filtering"
    ],
    "useCases": [
      "Cash management",
      "Treasury visibility",
      "Automated reconciliation"
    ]
  },
  {
    "id": "api-8",
    "name": "Image Retrieval",
    "slug": "image-retrieval",
    "category": "Account Reporting APIs",
    "status": "Generally Available",
    "version": "1.2.0",
    "description": "Access digital images of cleared checks and deposit slips. Retrieve images by check number or date range.",
    "region": "US/Canada",
    "authentication": "OAuth 2.0",
    "rateLimit": "50 requests/minute",
    "features": [
      "Check image retrieval",
      "Deposit slip images",
      "Multiple image formats (JPEG, PDF)",
      "Metadata with images",
      "Date range queries"
    ],
    "useCases": [
      "Fraud investigation",
      "Audit trails",
      "Dispute resolution"
    ]
  },
  {
    "id": "api-9",
    "name": "Authorize & Token",
    "slug": "authorize-token",
    "category": "Authorization APIs",
    "status": "Generally Available",
    "version": "2.0.2",
    "description": "OAuth 2.0 authorization and token management. Secure access to all banking APIs with industry-standard authentication.",
    "region": "Global",
    "authentication": "OAuth 2.0",
    "rateLimit": "500 requests/minute",
    "features": [
      "OAuth 2.0 authorization code flow",
      "Access token generation",
      "Refresh token support",
      "Token expiry management (15min prod, 24hr sandbox)",
      "Multiple scope support"
    ],
    "useCases": [
      "API authentication",
      "Secure access management",
      "Multi-API integrations"
    ]
  },
  {
    "id": "api-10",
    "name": "Client Data Encryption Key",
    "slug": "encryption-key",
    "category": "Security APIs",
    "status": "Generally Available",
    "version": "1.0.0",
    "description": "Field-level encryption service for sensitive PII data. Generate encryption keys and encrypt/decrypt account data.",
    "region": "Global",
    "authentication": "OAuth 2.0",
    "rateLimit": "100 requests/minute",
    "features": [
      "Public key retrieval",
      "Content encryption key (CEK) generation",
      "Initialization vector (IV) generation",
      "x-crypto-key header generation",
      "AES-256 encryption support"
    ],
    "useCases": [
      "SSN/TIN encryption",
      "PII data protection",
      "Compliance requirements"
    ]
  },
  {
    "id": "api-11",
    "name": "Foreign Exchange",
    "slug": "foreign-exchange",
    "category": "Payment APIs",
    "status": "Beta",
    "version": "0.9.0",
    "description": "Real-time foreign exchange rates and currency conversion. Execute FX trades and lock rates for international payments.",
    "region": "Global",
    "authentication": "OAuth 2.0",
    "rateLimit": "200 requests/minute",
    "features": [
      "Real-time FX rates",
      "50+ currency pairs",
      "Rate locking (up to 72 hours)",
      "Historical rate data",
      "Competitive spreads"
    ],
    "useCases": [
      "Cross-border payments",
      "Multi-currency accounts",
      "International treasury"
    ]
  }
]
