{
  "id": "recipe-6",
  "title": "ERP-Embedded Pay Now Button",
  "slug": "erp-pay-now-button",
  "overview": "Implement a 'Pay Now' button in ERP invoice screens that initiates BNI payments directly from the AP workflow.",
  "description": "This recipe demonstrates how to embed a payment initiation button directly into ERP invoice screens, allowing AP teams to submit payments to BNI without leaving the ERP system. Includes OAuth integration, payment mapping, and status synchronization.",
  "industries": [
    "ERP Integrators",
    "Manufacturing",
    "Retail",
    "Mid-Market Companies"
  ],
  "personas": [
    "ERP Developers",
    "Integration Architects"
  ],
  "businessProblem": "AP teams export payment files from ERP and upload to bank portals manually.",
  "businessValue": "Embedded payment button eliminates manual steps, reducing payment cycle time by 50%.",
  "apis": [
    {
      "endpoint": "GET /oauth20/authorize",
      "isoMessage": "N/A",
      "purpose": "OAuth integration",
      "documentation_url": "https://developer.bni.com/api/commercial/documentation/authorize"
    },
    {
      "endpoint": "POST /oauth20/token",
      "isoMessage": "N/A",
      "purpose": "Token exchange",
      "documentation_url": "https://developer.bni.com/api/commercial/documentation/authorize"
    },
    {
      "endpoint": "POST /tpp/ach/payment-initiation/customer-credit-transfer-initiation",
      "isoMessage": "PAIN.001",
      "purpose": "ACH payment initiation",
      "documentation_url": "https://developer.bni.com/api/commercial/doc/payments"
    },
    {
      "endpoint": "POST /tpp/eft/payment-initiation/customer-credit-transfer-initiation",
      "isoMessage": "PAIN.001",
      "purpose": "EFT payment initiation",
      "documentation_url": "https://developer.bni.com/api/commercial/doc/payments"
    },
    {
      "endpoint": "POST /tpp/wire/payment-initiation/customer-credit-transfer-initiation",
      "isoMessage": "PAIN.001",
      "purpose": "Wire payment initiation",
      "documentation_url": "https://developer.bni.com/api/commercial/documentation/wirepayment"
    }
  ],
  "prerequisites": {
    "oauthScopes": [
      "bni.tppach.payment-initiation.create",
      "bni.tppeft.payment-initiation.create",
      "bni.tppwiresca.payment-initiation.create"
    ],
    "requirements": [
      "ERP with API extensibility (SAP, Oracle, Dynamics, NetSuite)",
      "OAuth 2.0 client credentials",
      "Webhook endpoint for status updates",
      "ERP custom field mapping capability"
    ],
    "authenticationDetails": {
      "flow": "authorization_code",
      "tokenStorage": "Encrypted in ERP database",
      "tokenExpiry": "15 minutes (production)"
    }
  },
  "implementationSteps": [
    {
      "step": 1,
      "title": "Configure OAuth in ERP",
      "description": "Implement OAuth 2.0 authorization code flow within ERP",
      "codeExample": "// OAuth Flow:\n// 1. User clicks 'Connect to BNI' in ERP settings\n// 2. Redirect to BNI authorization URL\n// 3. User logs in and grants permissions\n// 4. BNI redirects back with authorization code\n// 5. ERP exchanges code for tokens\n// 6. Store encrypted tokens in ERP database",
      "requestSample": null,
      "responseSample": null
    },
    {
      "step": 2,
      "title": "Implement Pay Now Button",
      "description": "Add payment button to invoice screen with API integration",
      "codeExample": "// When user clicks 'Pay Now' on invoice:\n// 1. Retrieve invoice details from ERP\n// 2. Map to PAIN.001 format\n// 3. Call appropriate payment API (ACH/EFT/Wire)\n// 4. Display confirmation to user\n// 5. Store transaction ID in ERP",
      "requestSample": "{\n  \"invoiceNumber\": \"INV-12345\",\n  \"vendorId\": \"VENDOR-001\",\n  \"amount\": 1500.00,\n  \"currency\": \"USD\",\n  \"paymentMethod\": \"ACH\",\n  \"vendorAccount\": {\"routing\": \"021000021\", \"account\": \"1234567890\"}\n}",
      "responseSample": null
    },
    {
      "step": 3,
      "title": "Handle Payment Status",
      "description": "Register webhook to receive status updates and sync with ERP",
      "codeExample": "// Register webhook to receive status updates\n// Update invoice status in ERP automatically:\n// - PENDING: Mark as 'Payment Submitted'\n// - SETTLED: Mark as 'Paid' and update GL\n// - REJECTED: Flag for manual review",
      "requestSample": null,
      "responseSample": null
    },
    {
      "step": 4,
      "title": "Map ERP Data to PAIN.001",
      "description": "Transform ERP invoice data to ISO 20022 format",
      "codeExample": "function mapInvoiceToPAIN001(invoice) {\n  return {\n    CstmrCdtTrfInitn: {\n      GrpHdr: {\n        MsgId: `ERP-${invoice.invoiceNumber}`,\n        CreDtTm: new Date().toISOString(),\n        NbOfTxs: '1',\n        CtrlSum: invoice.amount\n      },\n      PmtInf: {\n        PmtInfId: `PMT-${invoice.invoiceNumber}`,\n        PmtMtd: 'TRF',\n        ReqdExctnDt: invoice.dueDate,\n        CdtTrfTxInf: [{\n          PmtId: {EndToEndId: invoice.invoiceNumber},\n          Amt: {InstdAmt: {_value: invoice.amount, _attributes: {Ccy: invoice.currency}}},\n          Cdtr: {Nm: invoice.vendorName},\n          CdtrAcct: {Id: {Othr: {Id: invoice.vendorAccount}}}\n        }]\n      }\n    }\n  };\n}",
      "requestSample": null,
      "responseSample": null
    }
  ],
  "errorHandling": {
    "commonErrors": [
      {
        "code": "401",
        "description": "OAuth token expired",
        "action": "Implement automatic token refresh"
      },
      {
        "code": "400",
        "description": "Invalid PAIN.001 structure",
        "action": "Validate mapping before submission"
      },
      {
        "code": "RJCT",
        "description": "Payment rejected by bank",
        "action": "Update invoice status, notify AP team"
      }
    ],
    "edgeCases": [
      {
        "scenario": "Partial Invoice Payment",
        "description": "User wants to pay less than full invoice amount",
        "handling": "Allow amount override, track partial payment in ERP"
      },
      {
        "scenario": "Multi-Currency Invoices",
        "description": "Invoice currency differs from payment account",
        "handling": "Validate currency compatibility, show FX rate if applicable"
      }
    ]
  },
  "dataModelMapping": {
    "systemToApi": [
      {
        "yourField": "invoice.number",
        "bniField": "PmtId.EndToEndId",
        "format": "String (max 35)",
        "validation": "Unique"
      },
      {
        "yourField": "vendor.name",
        "bniField": "Cdtr.Nm",
        "format": "String (max 70)",
        "validation": "Required"
      },
      {
        "yourField": "invoice.amount",
        "bniField": "Amt.InstdAmt._value",
        "format": "Decimal",
        "validation": "2 decimals"
      },
      {
        "yourField": "invoice.dueDate",
        "bniField": "PmtInf.ReqdExctnDt",
        "format": "YYYY-MM-DD",
        "validation": "Future or current date"
      }
    ],
    "apiToSystem": []
  },
  "variants": [],
  "extensions": [
    {
      "name": "Approval Workflow",
      "description": "Route payment through ERP approval chain before API submission, support multi-level approvals, audit trail integration"
    },
    {
      "name": "Batch Payments",
      "description": "'Pay Selected' button for multiple invoices, build batch PAIN.001 message, submit as single API call"
    }
  ],
  "implementationNotes": "Work with ERP vendor documentation for custom button integration, field mapping capabilities, and webhook configuration. Test thoroughly in sandbox before production deployment. Consider implementing retry logic for transient failures.",
  "complexity": "High",
  "region": "Global",
  "estimatedTime": "16-24 hours for full ERP integration",
  "relatedSolutions": [
    "solution-5-embedded-erp-banking",
    "solution-1-automated-north-american-payables"
  ]
}
