{
  "id": "recipe-9",
  "title": "Sandbox Automation for QA Teams",
  "slug": "sandbox-qa-automation",
  "overview": "Automate regression testing using BNI sandbox environment with generated test data.",
  "description": "This recipe demonstrates how to set up automated testing for BNI API integrations using the sandbox environment. Includes test data generation, automated test suites, CI/CD integration, and sandbox-specific considerations.",
  "industries": [
    "QA Engineers",
    "Fintech Developers",
    "ERP Integrators"
  ],
  "personas": [
    "Test Automation Engineers",
    "QA Leads"
  ],
  "businessProblem": "Manual testing of payment workflows is time-consuming and error-prone.",
  "businessValue": "Automated sandbox testing enables continuous integration and faster release cycles.",
  "apis": [
    {
      "endpoint": "All APIs in sandbox",
      "isoMessage": "N/A",
      "purpose": "Testing all payment and account operations",
      "documentation_url": "https://developer.bni.com/api/commercial/documentation/olbb-sandbox"
    }
  ],
  "prerequisites": {
    "oauthScopes": [
      "All relevant scopes for testing"
    ],
    "requirements": [
      "Sandbox credentials (client_id, client_secret)",
      "Test automation framework (Jest, Mocha, JUnit)",
      "CI/CD pipeline (GitHub Actions, Jenkins, GitLab CI)"
    ],
    "authenticationDetails": {
      "sandboxBaseUrl": "https://sandbox-open-api.bni.com/open-banking/commercial-sb",
      "oauthBaseUrl": "https://open-api.bnifg.com/open-banking/commercial-sb/oauth20",
      "tokenExpiry": "24 hours (sandbox vs 15 min production)"
    }
  },
  "implementationSteps": [
    {
      "step": 1,
      "title": "Configure Sandbox Environment",
      "description": "Set up environment variables for sandbox testing",
      "codeExample": "// Environment Variables:\nBNI_BASE_URL=https://sandbox-open-api.bni.com/open-banking/commercial-sb\nBNI_OAUTH_URL=https://open-api.bnifg.com/open-banking/commercial-sb/oauth20\nBNI_CLIENT_ID=sandbox_client_id\nBNI_CLIENT_SECRET=sandbox_client_secret\nBNI_API_KEY=sandbox_api_key\n\n// Note: Sandbox tokens expire after 24 hours (vs 15 min in production)",
      "requestSample": null,
      "responseSample": null
    },
    {
      "step": 2,
      "title": "Generate Test Data",
      "description": "Create test accounts and payment scenarios",
      "codeExample": "// Test account setup\nconst testAccounts = [\n  {\n    routingNumber: '021000021',\n    accountNumber: '1234567890',\n    type: 'CHECKING'\n  }\n];\n\n// Test payment scenarios\nconst testScenarios = [\n  {\n    name: 'Valid ACH Payment',\n    amount: 100.00,\n    expectedStatus: 'ACTC'\n  },\n  {\n    name: 'Invalid Routing Number',\n    routingNumber: '999999999',\n    amount: 50.00,\n    expectedStatus: 'RJCT',\n    expectedErrorCode: 'AC01'\n  }\n];",
      "requestSample": null,
      "responseSample": null
    },
    {
      "step": 3,
      "title": "Automated Test Suite",
      "description": "Implement automated tests for API integration",
      "codeExample": "describe('BNI Payment API Integration', () => {\n  beforeAll(async () => {\n    // Get OAuth token\n    accessToken = await getAccessToken();\n  });\n\n  test('ACH Payment - Success Scenario', async () => {\n    const payment = buildPAIN001({\n      amount: 100.00,\n      vendor: testAccounts[0]\n    });\n\n    const response = await submitACHPayment(payment);\n\n    expect(response.status).toBe(200);\n    expect(response.data.TxSts).toBe('ACTC');\n  });\n\n  test('ACH Payment - Invalid Account', async () => {\n    const payment = buildPAIN001({\n      amount: 50.00,\n      vendor: { ...testAccounts[0], routingNumber: '999999999' }\n    });\n\n    const response = await submitACHPayment(payment);\n\n    expect(response.data.TxSts).toBe('RJCT');\n    expect(response.data.StsRsnInf.Rsn.Cd).toBe('AC01');\n  });\n});",
      "requestSample": null,
      "responseSample": null
    },
    {
      "step": 4,
      "title": "CI/CD Integration",
      "description": "Add automated tests to continuous integration pipeline",
      "codeExample": "# GitHub Actions example\nname: API Integration Tests\n\non: [push, pull_request]\n\njobs:\n  test:\n    runs-on: ubuntu-latest\n    steps:\n      - uses: actions/checkout@v2\n      - name: Run BNI API Tests\n        env:\n          BNI_CLIENT_ID: ${{ secrets.BNI_SANDBOX_CLIENT_ID }}\n          BNI_CLIENT_SECRET: ${{ secrets.BNI_SANDBOX_CLIENT_SECRET }}\n        run: npm test -- --testPathPattern=bni-api",
      "requestSample": null,
      "responseSample": null
    }
  ],
  "errorHandling": {
    "commonErrors": [
      {
        "code": "401",
        "description": "Sandbox token expired",
        "action": "Refresh token (24-hour expiry in sandbox)"
      },
      {
        "code": "429",
        "description": "Rate limit exceeded",
        "action": "Implement delays between test runs"
      }
    ],
    "edgeCases": [
      {
        "scenario": "Sandbox Limitations",
        "description": "Some features may behave differently than production",
        "handling": "Document sandbox-specific behaviors, test critical paths in production staging"
      },
      {
        "scenario": "Test Data Management",
        "description": "Test data persistence may vary",
        "handling": "Clean up test data after runs, use unique identifiers for parallel testing"
      }
    ]
  },
  "dataModelMapping": {
    "systemToApi": [],
    "apiToSystem": []
  },
  "variants": [],
  "extensions": [
    {
      "name": "Performance Testing",
      "description": "Load test API endpoints, measure response times, test rate limit behavior"
    },
    {
      "name": "Mock Webhook Server",
      "description": "Simulate webhook deliveries, test webhook handlers, validate signature verification"
    }
  ],
  "implementationNotes": "Sandbox environment may have different rate limits, data retention policies, and feature availability compared to production. Always verify critical workflows in a production staging environment before go-live. Use unique transaction IDs for each test run to avoid conflicts in parallel testing.",
  "complexity": "Medium",
  "region": "Global",
  "estimatedTime": "12-16 hours for comprehensive test suite",
  "relatedSolutions": [
    "solution-4-vendor-onboarding-validation"
  ]
}
