{
  "id": "recipe-7",
  "title": "OAuth 2.0 Authorization Code Flow",
  "slug": "oauth-authorization-flow",
  "overview": "Implement secure OAuth 2.0 authentication for BNI API access, following best practices for token management and refresh.",
  "description": "This recipe provides a complete implementation guide for OAuth 2.0 authorization code flow with BNI APIs, including authorization initiation, callback handling, token exchange, refresh logic, and security best practices.",
  "industries": [
    "All API integrators"
  ],
  "personas": [
    "Security Engineers",
    "Backend Developers",
    "Platform Architects"
  ],
  "businessProblem": "Secure authentication required for all API access.",
  "businessValue": "Industry-standard OAuth 2.0 provides secure, auditable access with granular permissions.",
  "apis": [
    {
      "endpoint": "GET /oauth20/authorize",
      "isoMessage": "N/A",
      "purpose": "Get authorization code",
      "documentation_url": "https://developer.bni.com/api/commercial/documentation/authorize"
    },
    {
      "endpoint": "POST /oauth20/token",
      "isoMessage": "N/A",
      "purpose": "Exchange code for tokens",
      "documentation_url": "https://developer.bni.com/api/commercial/documentation/authorize"
    }
  ],
  "prerequisites": {
    "oauthScopes": [
      "FinancialInformation",
      "bni.tppach.payment-initiation.create",
      "bni.tppeft.payment-initiation.create",
      "bni.tppwire.payment-initiation.create",
      "AccountValidation",
      "bni.imageretrieval.images.read"
    ],
    "requirements": [
      "Client ID and Client Secret from BNI Developer Portal",
      "Registered redirect URI",
      "HTTPS callback endpoint"
    ],
    "authenticationDetails": {
      "flow": "authorization_code",
      "pkceRecommended": true,
      "tokenExpiry": {
        "production": "15 minutes",
        "sandbox": "24 hours"
      }
    }
  },
  "implementationSteps": [
    {
      "step": 1,
      "title": "Initiate Authorization",
      "description": "Redirect user to BNI authorization endpoint",
      "codeExample": "GET https://open-api.bnifg.com/open-banking/commercial-sb/oauth20/authorize\nQuery Parameters:\n  - client_id: your_client_id\n  - redirect_uri: https://yourapp.com/callback\n  - state: random_string_for_csrf_protection\n  - scope: FinancialInformation bni.tppach.payment-initiation.create\n  - response_type: code",
      "requestSample": null,
      "responseSample": "// User will:\n// 1. Log in with BNI credentials\n// 2. Review requested scopes\n// 3. Grant or deny access"
    },
    {
      "step": 2,
      "title": "Handle Callback",
      "description": "Process redirect from BNI with authorization code",
      "codeExample": "// BNI redirects to:\n// https://yourapp.com/callback?code=AUTH_CODE_HERE&state=YOUR_STATE\n\n// Validate:\n// 1. Verify state matches original request (CSRF protection)\n// 2. Extract authorization code",
      "requestSample": null,
      "responseSample": null
    },
    {
      "step": 3,
      "title": "Exchange Code for Tokens",
      "description": "Trade authorization code for access and refresh tokens",
      "codeExample": "POST https://open-api.bnifg.com/open-banking/commercial-sb/oauth20/token\nHeaders:\n  - Content-Type: application/x-www-form-urlencoded\n\nBody:\ngrant_type=authorization_code&client_id=your_client_id&client_secret=your_client_secret&code=AUTH_CODE_HERE&redirect_uri=https://yourapp.com/callback",
      "requestSample": null,
      "responseSample": "{\n  \"access_token\": \"eyJhbGciOiJSUzI1NiIsInR5cCI6IkpXVCJ9...\",\n  \"refresh_token\": \"refresh_token_here\",\n  \"token_type\": \"Bearer\",\n  \"expires_in\": 900,\n  \"scope\": \"FinancialInformation bni.tppach.payment-initiation.create\"\n}"
    },
    {
      "step": 4,
      "title": "Use Access Token",
      "description": "Include access token in all API requests",
      "codeExample": "// All API calls include:\nHeaders:\n  - Authorization: Bearer {access_token}\n  - x-api-key: {your_api_key}",
      "requestSample": null,
      "responseSample": null
    },
    {
      "step": 5,
      "title": "Refresh Token",
      "description": "Obtain new access token before expiry (15 minutes)",
      "codeExample": "POST https://open-api.bnifg.com/open-banking/commercial-sb/oauth20/token\nHeaders:\n  - Content-Type: application/x-www-form-urlencoded\n\nBody:\ngrant_type=refresh_token&refresh_token=YOUR_REFRESH_TOKEN&client_id=your_client_id&client_secret=your_client_secret",
      "requestSample": null,
      "responseSample": "{\n  \"access_token\": \"new_access_token\",\n  \"refresh_token\": \"new_refresh_token\",\n  \"token_type\": \"Bearer\",\n  \"expires_in\": 900\n}"
    }
  ],
  "errorHandling": {
    "commonErrors": [
      {
        "code": "invalid_grant",
        "description": "Authorization code expired or already used",
        "action": "Re-initiate authorization flow"
      },
      {
        "code": "invalid_client",
        "description": "Client authentication failed",
        "action": "Verify client_id and client_secret"
      },
      {
        "code": "invalid_request",
        "description": "Missing required parameter",
        "action": "Check all required parameters are included"
      }
    ],
    "edgeCases": [
      {
        "scenario": "Invalid Refresh Token",
        "description": "Refresh token expired or revoked",
        "handling": "User must re-authorize application"
      },
      {
        "scenario": "Scope Changes",
        "description": "Request additional scopes",
        "handling": "Requires new authorization flow"
      }
    ]
  },
  "dataModelMapping": {
    "systemToApi": [],
    "apiToSystem": [
      {
        "bniField": "access_token",
        "yourField": "auth_token",
        "mapping": "Store securely, use for API calls"
      },
      {
        "bniField": "refresh_token",
        "yourField": "refresh_token",
        "mapping": "Store securely, use for token refresh"
      },
      {
        "bniField": "expires_in",
        "yourField": "token_expiry",
        "mapping": "Seconds until expiry (900 = 15 min)"
      }
    ]
  },
  "variants": [],
  "extensions": [],
  "implementationNotes": "Security Best Practices: Store client_secret securely (environment variables, key vaults), use HTTPS for all OAuth flows, implement PKCE for mobile/SPA applications, validate state parameter to prevent CSRF, set short access_token expiry (production: 15 min). Implement automatic token refresh 1-2 minutes before expiry.",
  "complexity": "Medium",
  "region": "Global",
  "estimatedTime": "4-6 hours for initial implementation",
  "relatedSolutions": [
    "solution-8-oauth-corporate-data-access",
    "solution-5-embedded-erp-banking"
  ]
}
