{
  "id": "recipe-4",
  "title": "Treasury Dashboard – Real-Time Balances and Transactions",
  "slug": "treasury-dashboard",
  "overview": "Build a real-time treasury dashboard displaying current account balances, recent transactions, and cash positions across multiple accounts.",
  "description": "This recipe demonstrates how to integrate BNI Account Information API into a treasury dashboard, providing real-time visibility into cash positions, account balances, and transaction history. Includes automatic refresh mechanisms and multi-account support.",
  "industries": [
    "Corporate Treasury",
    "Finance Teams",
    "Banking-as-a-Service Platforms"
  ],
  "personas": [
    "Frontend Developers",
    "Full-Stack Engineers",
    "Treasury Analysts"
  ],
  "businessProblem": "Treasury teams log into bank portals multiple times daily for balance checks.",
  "businessValue": "Embedded dashboard provides instant visibility, enabling faster cash management decisions.",
  "apis": [
    {
      "endpoint": "GET /accounts",
      "isoMessage": "N/A",
      "purpose": "List all accounts",
      "documentation_url": "https://developer.bni.com/api/commercial/documentation/account-information"
    },
    {
      "endpoint": "GET /accounts/{accountId}",
      "isoMessage": "N/A",
      "purpose": "Get account details and balances",
      "documentation_url": "https://developer.bni.com/api/commercial/documentation/account-information"
    },
    {
      "endpoint": "GET /accounts/{accountId}/transactions",
      "isoMessage": "N/A",
      "purpose": "Retrieve transaction history",
      "documentation_url": "https://developer.bni.com/api/commercial/documentation/account-information"
    }
  ],
  "prerequisites": {
    "oauthScopes": [
      "FinancialInformation"
    ],
    "requirements": [
      "OAuth 2.0 access token",
      "Authorized BNI accounts",
      "Frontend framework (React, Vue, Angular)"
    ],
    "authenticationDetails": {
      "flow": "authorization_code",
      "tokenExpiry": "15 minutes (production), 24 hours (sandbox)"
    }
  },
  "implementationSteps": [
    {
      "step": 1,
      "title": "Fetch Account List",
      "description": "Retrieve all authorized accounts for display",
      "codeExample": "GET /accounts?offset=0&limit=50\nHeaders:\n  - Authorization: Bearer {access_token}\n  - x-api-key: {your_api_key}",
      "requestSample": null,
      "responseSample": "{\n  \"accounts\": [\n    {\"accountId\": \"ACC-12345\", \"accountType\": \"DEPOSIT\", \"currency\": \"CAD\", \"accountName\": \"Operating Account\"},\n    {\"accountId\": \"ACC-67890\", \"accountType\": \"LOC\", \"currency\": \"USD\", \"accountName\": \"USD Line of Credit\"}\n  ],\n  \"pagination\": {\"offset\": 0, \"limit\": 50, \"total\": 2}\n}"
    },
    {
      "step": 2,
      "title": "Retrieve Account Balances",
      "description": "Fetch real-time balance data for each account",
      "codeExample": "GET /accounts/{accountId}\nHeaders:\n  - Authorization: Bearer {access_token}\n  - x-api-key: {your_api_key}",
      "requestSample": null,
      "responseSample": "{\n  \"accountId\": \"ACC-12345\",\n  \"accountType\": \"DEPOSIT\",\n  \"currency\": \"CAD\",\n  \"balances\": [\n    {\"type\": \"CURRENT\", \"amount\": 1250000.50, \"currency\": \"CAD\", \"timestamp\": \"2025-11-17T10:30:00Z\"},\n    {\"type\": \"AVAILABLE\", \"amount\": 1200000.00, \"currency\": \"CAD\", \"timestamp\": \"2025-11-17T10:30:00Z\"},\n    {\"type\": \"LEDGER\", \"amount\": 1250000.50, \"currency\": \"CAD\", \"timestamp\": \"2025-11-17T00:00:00Z\"}\n  ]\n}"
    },
    {
      "step": 3,
      "title": "Fetch Recent Transactions",
      "description": "Retrieve transaction history for specified date range",
      "codeExample": "GET /accounts/{accountId}/transactions?startTime=2025-11-01T00:00:00Z&endTime=2025-11-17T23:59:59Z&offset=0&limit=100\nHeaders:\n  - Authorization: Bearer {access_token}\n  - x-api-key: {your_api_key}\n  - distinct: true",
      "requestSample": null,
      "responseSample": "{\n  \"transactions\": [\n    {\"transactionId\": \"TXN-11111\", \"amount\": -15000.00, \"currency\": \"CAD\", \"description\": \"Wire Transfer to Supplier XYZ\", \"postingDate\": \"2025-11-17\", \"type\": \"DEBIT\", \"status\": \"POSTED\"},\n    {\"transactionId\": \"TXN-22222\", \"amount\": 50000.00, \"currency\": \"CAD\", \"description\": \"Customer Payment\", \"postingDate\": \"2025-11-16\", \"type\": \"CREDIT\", \"status\": \"POSTED\"}\n  ],\n  \"pagination\": {\"offset\": 0, \"limit\": 100, \"total\": 45}\n}"
    },
    {
      "step": 4,
      "title": "Implement Auto-Refresh",
      "description": "Set up automatic data refresh with token management",
      "codeExample": "// Pseudo-code for dashboard refresh\nsetInterval(async () => {\n  await refreshAccessToken(); // Handle 15-min expiry\n  const balances = await fetchBalances(accountId);\n  updateDashboardUI(balances);\n}, 60000); // Refresh every 60 seconds\n\n// Respect rate limits\nif (response.status === 429) {\n  const retryAfter = response.headers['Retry-After'];\n  await sleep(retryAfter * 1000);\n}",
      "requestSample": null,
      "responseSample": null
    }
  ],
  "errorHandling": {
    "commonErrors": [
      {
        "code": "401",
        "description": "Unauthorized - token expired",
        "action": "Implement automatic token refresh"
      },
      {
        "code": "429",
        "description": "Rate limit exceeded",
        "action": "Implement exponential backoff and client-side caching"
      },
      {
        "code": "500",
        "description": "Internal Server Error",
        "action": "Show error state, retry after delay"
      }
    ],
    "edgeCases": [
      {
        "scenario": "Token Expiry",
        "description": "Access token expires after 15 minutes",
        "handling": "Implement automatic refresh before expiry, show loading state during refresh"
      },
      {
        "scenario": "Multi-Currency",
        "description": "Accounts in different currencies",
        "handling": "Display balances in respective currencies, optionally convert to base currency with FX rates"
      }
    ]
  },
  "dataModelMapping": {
    "systemToApi": [],
    "apiToSystem": [
      {
        "bniField": "balances.type",
        "yourField": "balance_type",
        "mapping": "CURRENT, AVAILABLE, LEDGER"
      },
      {
        "bniField": "balances.amount",
        "yourField": "balance_amount",
        "mapping": "Decimal value"
      },
      {
        "bniField": "transactions.type",
        "yourField": "transaction_type",
        "mapping": "DEBIT, CREDIT"
      }
    ]
  },
  "variants": [],
  "extensions": [
    {
      "name": "Cash Flow Forecast",
      "description": "Analyze transaction history, predict future cash positions, alert on low balance thresholds"
    },
    {
      "name": "Multi-Entity Dashboard",
      "description": "Aggregate balances across multiple companies, role-based access control, consolidated reporting"
    }
  ],
  "implementationNotes": "Implement proper error handling for rate limits (HTTP 429), token expiry, and network failures. Cache account and transaction data client-side to reduce API calls. Consider using WebSocket connections for real-time updates in production.",
  "complexity": "Medium",
  "region": "Global",
  "estimatedTime": "8-12 hours for full dashboard implementation",
  "relatedSolutions": [
    "solution-2-real-time-treasury-visibility"
  ]
}
