{
  "id": "recipe-10",
  "title": "Automated Reconciliation Engine",
  "slug": "automated-reconciliation",
  "overview": "Build an automated reconciliation engine that matches outgoing payments with bank transaction records, flagging discrepancies for review.",
  "description": "This recipe demonstrates how to build a comprehensive reconciliation engine that automatically matches internal payment records with bank transaction data. Includes matching algorithms, exception handling, and GL posting integration.",
  "industries": [
    "Accounting Teams",
    "Finance Operations",
    "ERP Platforms"
  ],
  "personas": [
    "Finance Automation Engineers",
    "Accounting System Developers"
  ],
  "businessProblem": "Manual reconciliation of payments is time-consuming, taking days to match hundreds of transactions.",
  "businessValue": "Automated reconciliation reduces manual effort by 80%, identifies discrepancies within hours, and improves financial close speed.",
  "apis": [
    {
      "endpoint": "POST /tpp/ach/payment-initiation/customer-credit-transfer-initiation",
      "isoMessage": "PAIN.001",
      "purpose": "Store internal payment references",
      "documentation_url": "https://developer.bni.com/api/commercial/doc/payments"
    },
    {
      "endpoint": "POST /tpp/eft/payment-initiation/customer-credit-transfer-initiation",
      "isoMessage": "PAIN.001",
      "purpose": "Store internal payment references",
      "documentation_url": "https://developer.bni.com/api/commercial/doc/payments"
    },
    {
      "endpoint": "POST /tpp/wire/payment-initiation/customer-credit-transfer-initiation",
      "isoMessage": "PAIN.001",
      "purpose": "Store internal payment references",
      "documentation_url": "https://developer.bni.com/api/commercial/documentation/wirepayment"
    },
    {
      "endpoint": "GET /accounts/{accountId}/transactions",
      "isoMessage": "N/A",
      "purpose": "Pull matching bank transactions",
      "documentation_url": "https://developer.bni.com/api/commercial/documentation/account-information"
    },
    {
      "endpoint": "POST /paymentStatusUpdate/v1",
      "isoMessage": "N/A",
      "purpose": "Real-time payment status",
      "documentation_url": "https://developer.bni.com/api/commercial/documentation/payment-service-push-notification-api"
    }
  ],
  "prerequisites": {
    "oauthScopes": [
      "FinancialInformation",
      "bni.tppach.payment-initiation.create",
      "bni.tppeft.payment-initiation.create",
      "bni.tppwiresca.payment-initiation.create"
    ],
    "requirements": [
      "Database for payment tracking",
      "Webhook endpoint for status updates",
      "GL integration capability",
      "Scheduled job infrastructure (cron, scheduled tasks)"
    ],
    "authenticationDetails": {
      "flow": "authorization_code",
      "tokenExpiry": "15 minutes (production)"
    }
  },
  "implementationSteps": [
    {
      "step": 1,
      "title": "Store Internal Payment Reference",
      "description": "Save payment details when initiating payment",
      "codeExample": "// When initiating payment\nconst paymentRequest = {\n  // ... PAIN.001 structure\n  PmtId: {\n    InstrId: 'INVOICE-12345',  // Internal invoice number\n    EndToEndId: 'E2E-UNIQUE-ID-12345'  // Unique reference\n  }\n};\n\n// Store in database\nawait db.payments.insert({\n  internalRef: 'E2E-UNIQUE-ID-12345',\n  invoiceNumber: 'INVOICE-12345',\n  amount: 1500.00,\n  vendor: 'ABC Corp',\n  status: 'SUBMITTED',\n  submittedAt: new Date(),\n  bankTransactionId: null  // Will be populated during reconciliation\n});",
      "requestSample": null,
      "responseSample": null
    },
    {
      "step": 2,
      "title": "Pull Bank Transactions",
      "description": "Retrieve bank transactions for reconciliation period",
      "codeExample": "// Daily reconciliation job\nasync function reconcilePayments(accountId, date) {\n  const startTime = `${date}T00:00:00Z`;\n  const endTime = `${date}T23:59:59Z`;\n\n  const transactions = await fetchTransactions(accountId, startTime, endTime);\n\n  return transactions.transactions.filter(t => t.type === 'DEBIT');\n}",
      "requestSample": null,
      "responseSample": "[\n  {\n    \"transactionId\": \"TXN-98765\",\n    \"amount\": -1500.00,\n    \"description\": \"ACH PAYMENT E2E-UNIQUE-ID-12345\",\n    \"postingDate\": \"2025-11-17\",\n    \"valueDate\": \"2025-11-17\",\n    \"type\": \"DEBIT\",\n    \"status\": \"POSTED\"\n  }\n]"
    },
    {
      "step": 3,
      "title": "Auto-Match Payments",
      "description": "Implement matching algorithm with multiple criteria",
      "codeExample": "async function autoReconcile() {\n  // Get unreconciled payments from last 30 days\n  const pendingPayments = await db.payments.find({\n    status: { $in: ['SUBMITTED', 'SETTLED'] },\n    bankTransactionId: null,\n    submittedAt: { $gte: thirtyDaysAgo }\n  });\n\n  // Get bank transactions\n  const bankTxns = await reconcilePayments(accountId, today);\n\n  for (const payment of pendingPayments) {\n    // Try to find matching transaction\n    const match = bankTxns.find(txn => {\n      // Match by reference in description\n      const hasRef = txn.description.includes(payment.internalRef);\n\n      // Match by amount (exact or with tolerance)\n      const amountMatch = Math.abs(Math.abs(txn.amount) - payment.amount) < 0.01;\n\n      // Match by date proximity (within 3 days)\n      const dateMatch = isWithinDays(txn.postingDate, payment.submittedAt, 3);\n\n      return hasRef && amountMatch && dateMatch;\n    });\n\n    if (match) {\n      // Auto-match successful\n      await db.payments.update(payment.id, {\n        status: 'RECONCILED',\n        bankTransactionId: match.transactionId,\n        reconciledAt: new Date(),\n        reconciledBy: 'AUTO'\n      });\n\n      // Post to accounting system\n      await postToGL({\n        account: 'AP',\n        debit: payment.amount,\n        reference: payment.invoiceNumber,\n        bankRef: match.transactionId\n      });\n    } else {\n      // No match found - flag for review\n      await db.payments.update(payment.id, {\n        status: 'EXCEPTION',\n        exceptionReason: 'No matching bank transaction found'\n      });\n    }\n  }\n}",
      "requestSample": null,
      "responseSample": null
    },
    {
      "step": 4,
      "title": "Flag Discrepancies",
      "description": "Identify and categorize exceptions",
      "codeExample": "// Identify exception types\nconst exceptionTypes = {\n  NO_MATCH: 'No matching bank transaction',\n  AMOUNT_MISMATCH: 'Amount differs from submitted payment',\n  DUPLICATE: 'Multiple bank transactions match single payment',\n  MISSING_PAYMENT: 'Bank transaction with no internal payment record'\n};\n\n// Generate exception report\nasync function generateExceptionReport() {\n  const exceptions = await db.payments.find({\n    status: 'EXCEPTION'\n  });\n\n  return exceptions.map(e => ({\n    paymentId: e.internalRef,\n    invoiceNumber: e.invoiceNumber,\n    expectedAmount: e.amount,\n    vendor: e.vendor,\n    exceptionType: e.exceptionReason,\n    submittedDate: e.submittedAt\n  }));\n}",
      "requestSample": null,
      "responseSample": null
    },
    {
      "step": 5,
      "title": "Webhook Integration",
      "description": "Use real-time status updates to trigger reconciliation",
      "codeExample": "// Real-time status updates\napp.post('/webhooks/bni/payment-status', async (req, res) => {\n  const event = req.body;\n\n  // Update payment status immediately\n  await db.payments.update(\n    { internalRef: event.paymentId },\n    {\n      status: event.status === 'SETTLED' ? 'SETTLED' : 'SUBMITTED',\n      lastStatusUpdate: new Date(),\n      statusDetails: event.details\n    }\n  );\n\n  // If settled, trigger reconciliation for this payment\n  if (event.status === 'SETTLED') {\n    await reconcileSpecificPayment(event.paymentId);\n  }\n\n  res.status(200).send('OK');\n});",
      "requestSample": null,
      "responseSample": null
    }
  ],
  "errorHandling": {
    "commonErrors": [],
    "edgeCases": [
      {
        "scenario": "Amount Mismatch",
        "description": "Bank fees deducted from payment amount",
        "handling": "Allow tolerance range or store fee separately"
      },
      {
        "scenario": "Missing Reference",
        "description": "Description doesn't include EndToEndId",
        "handling": "Fallback matching by amount + date + vendor"
      },
      {
        "scenario": "Duplicate Matches",
        "description": "Multiple transactions match single payment",
        "handling": "Flag for manual review"
      },
      {
        "scenario": "Timing Issues",
        "description": "Payment submitted but not yet posted",
        "handling": "Retry reconciliation after 3-5 business days"
      }
    ]
  },
  "dataModelMapping": {
    "systemToApi": [
      {
        "yourField": "internal_reference",
        "bniField": "PmtId.EndToEndId",
        "format": "String (max 35)",
        "validation": "Unique per payment"
      },
      {
        "yourField": "invoice_number",
        "bniField": "PmtId.InstrId",
        "format": "String (max 35)",
        "validation": "Internal tracking"
      }
    ],
    "apiToSystem": [
      {
        "bniField": "transactions.transactionId",
        "yourField": "bank_transaction_id",
        "mapping": "Unique bank identifier"
      },
      {
        "bniField": "transactions.description",
        "yourField": "transaction_description",
        "mapping": "Contains payment reference for matching"
      }
    ]
  },
  "variants": [
    {
      "name": "Multi-Account Reconciliation",
      "description": "Reconcile across multiple bank accounts, handle inter-account transfers, consolidated exception reporting"
    },
    {
      "name": "Predictive Matching",
      "description": "Use machine learning to improve match accuracy, learn from manual corrections, handle fuzzy matching for vendor names"
    }
  ],
  "extensions": [
    {
      "name": "Exception Workflow",
      "description": "Route exceptions to AR/AP teams, manual review and override interface, approval workflow for adjustments"
    },
    {
      "name": "Analytics Dashboard",
      "description": "Reconciliation success rate metrics, average time to reconcile, exception analysis and trends, vendor payment reliability scores"
    }
  ],
  "implementationNotes": "Best Practices: Run reconciliation daily during off-peak hours, implement retry logic for transient API failures, log all matching decisions for audit trail, set up alerts for high exception rates, regular review of matching rules and tolerances. Performance Optimization: Index database fields used for matching, cache bank transactions to reduce API calls, batch database updates, use pagination for large transaction sets.",
  "complexity": "High",
  "region": "Global",
  "estimatedTime": "20-30 hours for comprehensive reconciliation engine",
  "relatedSolutions": [
    "solution-1-automated-north-american-payables",
    "solution-5-embedded-erp-banking"
  ]
}
