{
  "id": "recipe-3",
  "title": "Instant Payout via Interac (Canada)",
  "slug": "instant-payout-interac",
  "overview": "Send instant payments to recipients using email or phone number, monitor delivery and acceptance in real-time via Interac e-Transfer.",
  "description": "This recipe demonstrates how to initiate instant payouts using the Interac e-Transfer network, delivering funds to recipients within minutes using only their email address or phone number. Includes delivery tracking and handling of expired or declined transfers.",
  "industries": [
    "Gig Economy Platforms",
    "Insurance Claims",
    "Retail Refunds",
    "Fintech Apps"
  ],
  "personas": [
    "Payment Engineers",
    "Platform Developers",
    "Product Managers"
  ],
  "businessProblem": "Traditional EFT takes 1-3 days; customers expect instant payouts.",
  "businessValue": "Interac e-Transfer delivers funds in minutes, improving customer satisfaction and competitive positioning.",
  "apis": [
    {
      "endpoint": "POST /tpp/interac-etransfer/payment-initiation/customer-credit-transfer-initiation",
      "isoMessage": "PAIN.001",
      "purpose": "Send instant payment",
      "documentation_url": "https://developer.bni.com/api/commercial/doc/payments"
    },
    {
      "endpoint": "POST /tpp/interac-etransfer/payment-initiation/get-transaction",
      "isoMessage": "CAMT.005",
      "purpose": "Check status",
      "documentation_url": "https://developer.bni.com/api/commercial/doc/payments"
    },
    {
      "endpoint": "POST /paymentStatusUpdate/v1",
      "isoMessage": "N/A",
      "purpose": "Delivery events",
      "documentation_url": "https://developer.bni.com/api/commercial/documentation/payment-service-push-notification-api"
    }
  ],
  "prerequisites": {
    "oauthScopes": [
      "bni.tppinterac.payment-initiation.create",
      "bni.tppinterac.payment-initiation.read"
    ],
    "requirements": [
      "Interac e-Transfer enrollment for sending account",
      "Recipient email or phone registered with Interac",
      "Webhook endpoint for delivery notifications"
    ],
    "authenticationDetails": {
      "flow": "authorization_code",
      "tokenExpiry": "15 minutes (production)"
    }
  },
  "implementationSteps": [
    {
      "step": 1,
      "title": "Initiate Instant Payment",
      "description": "Submit Interac e-Transfer payment with recipient email or phone",
      "codeExample": "POST /tpp/interac-etransfer/payment-initiation/customer-credit-transfer-initiation\nHeaders:\n  - Authorization: Bearer {access_token}\n  - x-api-key: {your_api_key}\n  - x-fapi-interaction-id: {uuid}\n  - Content-Type: application/json",
      "requestSample": "{\n  \"CstmrCdtTrfInitn\": {\n    \"GrpHdr\": {\n      \"MsgId\": \"INSTANT-PAY-001\",\n      \"CreDtTm\": \"2025-11-17T10:00:00\",\n      \"NbOfTxs\": \"1\",\n      \"CtrlSum\": 250.00,\n      \"InitgPty\": {\"Nm\": \"Your Company\"}\n    },\n    \"PmtInf\": {\n      \"PmtInfId\": \"INTERAC-001\",\n      \"PmtMtd\": \"TRF\",\n      \"Dbtr\": {\"Nm\": \"Your Company\"},\n      \"DbtrAcct\": {\"Id\": {\"Othr\": {\"Id\": \"1234567890\"}}},\n      \"CdtTrfTxInf\": [{\n        \"PmtId\": {\"InstrId\": \"CLAIM-12345\", \"EndToEndId\": \"INSURANCE-CLAIM-12345\"},\n        \"Amt\": {\"InstdAmt\": {\"_attributes\": {\"Ccy\": \"CAD\"}, \"_value\": 250.00}},\n        \"Cdtr\": {\"Nm\": \"Recipient Name\", \"CtctDtls\": {\"EmailAdr\": \"recipient@example.com\"}},\n        \"RmtInf\": {\"Ustrd\": \"Insurance claim payout for claim #12345\"}\n      }]\n    }\n  }\n}",
      "responseSample": "{\n  \"CstmrPmtStsRpt\": {\n    \"GrpHdr\": {\"MsgId\": \"BNI-INTERAC-RESP-001\", \"CreDtTm\": \"2025-11-17T10:00:05\"},\n    \"OrgnlGrpInfAndSts\": {\"OrgnlMsgId\": \"INSTANT-PAY-001\", \"GrpSts\": \"ACTC\"},\n    \"TxInfAndSts\": [{\n      \"OrgnlInstrId\": \"CLAIM-12345\",\n      \"OrgnlEndToEndId\": \"INSURANCE-CLAIM-12345\",\n      \"TxSts\": \"ACTC\",\n      \"AccptncDtTm\": \"2025-11-17T10:00:05\",\n      \"AddtlInf\": [\"Interac reference: IT-987654321\"]\n    }]\n  }\n}"
    },
    {
      "step": 2,
      "title": "Monitor Delivery via Webhooks",
      "description": "Receive real-time events for payment lifecycle (sent, accepted, deposited, expired)",
      "codeExample": null,
      "requestSample": "{\n  \"eventType\": \"interac.payment.sent\",\n  \"paymentId\": \"INSURANCE-CLAIM-12345\",\n  \"interacRef\": \"IT-987654321\",\n  \"status\": \"PENDING_ACCEPTANCE\",\n  \"timestamp\": \"2025-11-17T10:00:10Z\",\n  \"recipientContact\": \"rec***@example.com\"\n}",
      "responseSample": null
    },
    {
      "step": 3,
      "title": "Handle Customer Notifications",
      "description": "Update customer based on payment status events",
      "codeExample": "// Status mapping:\n// PENDING: 'Payment sent to your email/phone'\n// ACCEPTED: 'Payment accepted, funds being deposited'\n// COMPLETED: 'Funds deposited successfully'\n// EXPIRED: 'Payment expired, please update contact info'",
      "requestSample": null,
      "responseSample": null
    }
  ],
  "errorHandling": {
    "commonErrors": [
      {
        "code": "400",
        "description": "Bad Request",
        "action": "Validate PAIN.001 structure and recipient contact info"
      },
      {
        "code": "401",
        "description": "Unauthorized",
        "action": "Refresh OAuth token"
      },
      {
        "code": "429",
        "description": "Too Many Requests",
        "action": "Implement rate limiting"
      }
    ],
    "edgeCases": [
      {
        "scenario": "Invalid email/phone",
        "description": "Recipient not registered with Interac",
        "handling": "Request valid contact information from recipient"
      },
      {
        "scenario": "Expired transfer",
        "description": "Auto-refund after 30 days if not accepted",
        "handling": "Resend payment with updated contact information"
      },
      {
        "scenario": "Declined by recipient",
        "description": "Funds returned to sender",
        "handling": "Investigate reason, contact recipient"
      }
    ]
  },
  "dataModelMapping": {
    "systemToApi": [
      {
        "yourField": "recipient_email",
        "bniField": "Cdtr.CtctDtls.EmailAdr",
        "format": "Email address",
        "validation": "Valid email format"
      },
      {
        "yourField": "recipient_phone",
        "bniField": "Cdtr.CtctDtls.PhNb",
        "format": "Phone number",
        "validation": "E.164 format"
      },
      {
        "yourField": "payout_amount",
        "bniField": "Amt.InstdAmt._value",
        "format": "Decimal",
        "validation": "CAD, max 2 decimals"
      },
      {
        "yourField": "payout_message",
        "bniField": "RmtInf.Ustrd",
        "format": "String",
        "validation": "Max 140 characters"
      }
    ],
    "apiToSystem": []
  },
  "variants": [
    {
      "name": "Request for Payment",
      "description": "Use creditor-payment-activation-request endpoint (PAIN.013), send payment request to customer, customer approves and funds transfer automatically"
    }
  ],
  "extensions": [
    {
      "name": "Bulk Payout Processing",
      "description": "Process multiple Interac payouts in parallel with individual tracking and status management"
    }
  ],
  "implementationNotes": "Consult Interac e-Transfer API documentation for transfer expiry periods (typically 30 days), security question requirements (if any), transfer limits, fee structures, and recipient enrollment verification methods.",
  "complexity": "Medium",
  "region": "Canada",
  "estimatedTime": "6-8 hours for basic implementation",
  "relatedSolutions": [
    "solution-3-instant-payouts-interac"
  ]
}
