{
  "id": "recipe-5",
  "title": "Cheque Image Access for AR & Audit",
  "slug": "cheque-image-access",
  "overview": "Retrieve cheque and deposit images programmatically for accounts receivable matching, dispute resolution, and audit trails.",
  "description": "This recipe demonstrates how to locate and retrieve cheque and deposit slip images using the Image Retrieval API. Includes transaction identification, image search, base64 decoding, and integration with AR and audit workflows.",
  "industries": [
    "AR Teams",
    "Auditors",
    "Legal Departments",
    "Compliance Officers"
  ],
  "personas": [
    "Backend Developers",
    "System Integrators",
    "AR Analysts"
  ],
  "businessProblem": "Manual image requests delay AR reconciliation and audit processes.",
  "businessValue": "Automated image retrieval reduces resolution time from days to minutes, improving cash application accuracy.",
  "apis": [
    {
      "endpoint": "GET /accounts/{accountId}/transactions",
      "isoMessage": "N/A",
      "purpose": "Find transaction IDs",
      "documentation_url": "https://developer.bni.com/api/commercial/documentation/account-information"
    },
    {
      "endpoint": "GET /tpp/image-retrieval/images",
      "isoMessage": "N/A",
      "purpose": "Search for images",
      "documentation_url": "https://developer.bni.com/api/commercial/documentation/image-retrieval"
    },
    {
      "endpoint": "GET /tpp/image-retrieval/images/{imageId}",
      "isoMessage": "N/A",
      "purpose": "Retrieve specific image",
      "documentation_url": "https://developer.bni.com/api/commercial/documentation/image-retrieval"
    }
  ],
  "prerequisites": {
    "oauthScopes": [
      "bni.imageretrieval.images.read",
      "FinancialInformation"
    ],
    "requirements": [
      "OAuth 2.0 access token",
      "Account ID for image search",
      "Date range for filtering"
    ],
    "authenticationDetails": {
      "flow": "authorization_code",
      "tokenExpiry": "15 minutes (production)"
    }
  },
  "implementationSteps": [
    {
      "step": 1,
      "title": "Locate Transaction",
      "description": "Find the specific transaction that has an associated image",
      "codeExample": "GET /accounts/{accountId}/transactions?startTime=2025-11-01T00:00:00Z&endTime=2025-11-17T23:59:59Z",
      "requestSample": null,
      "responseSample": "{\n  \"transactions\": [\n    {\"transactionId\": \"TXN-12345\", \"amount\": 5000.00, \"description\": \"Cheque deposit\", \"postingDate\": \"2025-11-15\"}\n  ]\n}"
    },
    {
      "step": 2,
      "title": "Search for Images",
      "description": "Query images by account, date range, and type",
      "codeExample": "GET /tpp/image-retrieval/images?accountId=ACC-12345&startDate=2025-11-01&endDate=2025-11-17&imageType=CHEQUE\nHeaders:\n  - Authorization: Bearer {access_token}\n  - x-api-key: {your_api_key}",
      "requestSample": null,
      "responseSample": "{\n  \"images\": [\n    {\"imageId\": \"IMG-99999\", \"imageType\": \"CHEQUE\", \"checkNumber\": \"1234\", \"amount\": 5000.00, \"postingDate\": \"2025-11-15\", \"accountId\": \"ACC-12345\"}\n  ]\n}"
    },
    {
      "step": 3,
      "title": "Retrieve Image",
      "description": "Fetch base64-encoded image data for display or storage",
      "codeExample": "GET /tpp/image-retrieval/images/{imageId}\nHeaders:\n  - Authorization: Bearer {access_token}\n  - x-api-key: {your_api_key}",
      "requestSample": null,
      "responseSample": "{\n  \"imageId\": \"IMG-99999\",\n  \"imageData\": \"base64_encoded_image_data_here...\",\n  \"imageFormat\": \"TIFF\",\n  \"imageType\": \"CHEQUE\",\n  \"metadata\": {\"checkNumber\": \"1234\", \"amount\": 5000.00, \"accountId\": \"ACC-12345\", \"postingDate\": \"2025-11-15\"}\n}"
    },
    {
      "step": 4,
      "title": "Decode and Display Image",
      "description": "Convert base64 data to image for viewing",
      "codeExample": "// Node.js example\nconst imageBuffer = Buffer.from(imageData, 'base64');\nfs.writeFileSync('cheque.tiff', imageBuffer);\n\n// Browser example\nconst img = document.createElement('img');\nimg.src = `data:image/tiff;base64,${imageData}`;",
      "requestSample": null,
      "responseSample": null
    }
  ],
  "errorHandling": {
    "commonErrors": [
      {
        "code": "404",
        "description": "Image Not Found",
        "action": "Verify transaction actually has associated image, check retention period"
      },
      {
        "code": "401",
        "description": "Unauthorized",
        "action": "Refresh OAuth token"
      },
      {
        "code": "400",
        "description": "Bad Request",
        "action": "Validate query parameters (dates, accountId)"
      }
    ],
    "edgeCases": [
      {
        "scenario": "Image Not Found (404)",
        "description": "Image may not be available yet or outside retention period",
        "handling": "Check retention period policy, verify transaction has image"
      },
      {
        "scenario": "Format Handling",
        "description": "Images may be in TIFF, PNG, or JPG format",
        "handling": "Support multiple formats, convert for web display if needed"
      }
    ]
  },
  "dataModelMapping": {
    "systemToApi": [],
    "apiToSystem": [
      {
        "bniField": "imageData",
        "yourField": "image_content",
        "mapping": "Base64 string decoded to binary"
      },
      {
        "bniField": "imageFormat",
        "yourField": "file_extension",
        "mapping": "TIFF, PNG, JPG"
      },
      {
        "bniField": "metadata.checkNumber",
        "yourField": "check_number",
        "mapping": "String"
      }
    ]
  },
  "variants": [],
  "extensions": [
    {
      "name": "Automated AR Matching",
      "description": "OCR image to extract cheque details, match against open invoices, auto-post to AR ledger"
    }
  ],
  "implementationNotes": "Review Image Retrieval API documentation for retention periods (typically 7 years), supported image formats, maximum file sizes, and rate limiting policies. Consider implementing image caching to reduce API calls.",
  "complexity": "Low",
  "region": "US/Canada",
  "estimatedTime": "4-6 hours for basic implementation",
  "relatedSolutions": [
    "solution-7-cheque-image-access",
    "solution-2-real-time-treasury-visibility"
  ]
}
