{
  "id": "recipe-8",
  "title": "Payment Status Wallboard using Webhooks",
  "slug": "payment-status-wallboard",
  "overview": "Build a real-time payment status wallboard that displays live payment processing updates via webhook notifications.",
  "description": "This recipe demonstrates how to create a real-time operations wallboard that displays payment statuses as they change. Uses webhook notifications for instant updates and WebSocket connections to push updates to the frontend.",
  "industries": [
    "AP Operations",
    "Customer Support",
    "Treasury Operations"
  ],
  "personas": [
    "Frontend Developers",
    "Operations Managers"
  ],
  "businessProblem": "Teams have no visibility into payment processing status.",
  "businessValue": "Real-time wallboard provides instant status visibility, reducing 'where's my payment' inquiries by 70%.",
  "apis": [
    {
      "endpoint": "POST /paymentStatusUpdate/v1",
      "isoMessage": "N/A",
      "purpose": "Receive real-time payment events",
      "documentation_url": "https://developer.bni.com/api/commercial/documentation/payment-service-push-notification-api"
    }
  ],
  "prerequisites": {
    "oauthScopes": [],
    "requirements": [
      "HTTPS webhook endpoint",
      "WebSocket server for frontend updates",
      "Database for payment tracking",
      "SSL certificate for webhook endpoint"
    ],
    "authenticationDetails": {
      "webhookSecurity": "Signature verification required",
      "signatureHeader": "X-BNI-Signature"
    }
  },
  "implementationSteps": [
    {
      "step": 1,
      "title": "Setup Webhook Endpoint",
      "description": "Create HTTPS endpoint to receive payment notifications",
      "codeExample": "POST https://yourapp.com/webhooks/bni/payment-status\n\n// Must:\n// - Return HTTP 200 for successful processing\n// - Respond within 30 seconds\n// - Handle duplicate events (idempotency)\n// - Verify BNI signature (security)",
      "requestSample": null,
      "responseSample": null
    },
    {
      "step": 2,
      "title": "Register Webhook",
      "description": "Configure webhook URL in BNI Developer Portal",
      "codeExample": "// Configure webhook URL in BNI Developer Portal\n// Specify event types:\n// - payment.status.update\n// - payment.settled\n// - payment.rejected",
      "requestSample": null,
      "responseSample": null
    },
    {
      "step": 3,
      "title": "Process Webhook Events",
      "description": "Handle incoming webhook notifications with signature verification",
      "codeExample": "// Webhook handler (Node.js/Express example)\napp.post('/webhooks/bni/payment-status', async (req, res) => {\n  const event = req.body;\n\n  // Verify signature (BNI-provided)\n  if (!verifySignature(req.headers, req.body)) {\n    return res.status(401).send('Invalid signature');\n  }\n\n  // Check for duplicate (idempotency)\n  if (await isDuplicate(event.eventId)) {\n    return res.status(200).send('Already processed');\n  }\n\n  // Process event\n  await processPaymentEvent(event);\n\n  // Emit to wallboard via WebSocket\n  io.emit('payment-update', {\n    paymentId: event.paymentId,\n    status: event.status,\n    timestamp: event.timestamp,\n    amount: event.details.amount\n  });\n\n  res.status(200).send('OK');\n});",
      "requestSample": "{\n  \"eventId\": \"evt-12345\",\n  \"eventType\": \"payment.status.update\",\n  \"paymentId\": \"E2E-VENDOR-PAY-001\",\n  \"status\": \"SETTLED\",\n  \"timestamp\": \"2025-11-18T14:22:00Z\",\n  \"details\": {\n    \"settlementAmount\": 1500.00,\n    \"settlementDate\": \"2025-11-18\"\n  }\n}",
      "responseSample": "HTTP 200 OK"
    },
    {
      "step": 4,
      "title": "Display on Wallboard",
      "description": "Update frontend UI in real-time using WebSocket",
      "codeExample": "// Wallboard frontend (React example)\nuseEffect(() => {\n  const socket = io.connect();\n\n  socket.on('payment-update', (update) => {\n    setPayments(prevPayments =>\n      prevPayments.map(p =>\n        p.id === update.paymentId\n          ? {...p, status: update.status}\n          : p\n      )\n    );\n  });\n\n  return () => socket.disconnect();\n}, []);",
      "requestSample": null,
      "responseSample": null
    }
  ],
  "errorHandling": {
    "commonErrors": [
      {
        "code": "401",
        "description": "Invalid webhook signature",
        "action": "Verify signature algorithm and secret key"
      },
      {
        "code": "500",
        "description": "Webhook processing error",
        "action": "Log error, BNI will retry delivery"
      }
    ],
    "edgeCases": [
      {
        "scenario": "Webhook Retry",
        "description": "BNI retries failed webhooks",
        "handling": "Ensure idempotency to handle duplicates safely"
      },
      {
        "scenario": "Network Issues",
        "description": "Webhook endpoint unavailable",
        "handling": "Implement health check endpoint, monitor webhook delivery success rate"
      }
    ]
  },
  "dataModelMapping": {
    "systemToApi": [],
    "apiToSystem": [
      {
        "bniField": "eventType",
        "yourField": "event_category",
        "mapping": "payment.status.update, payment.settled, payment.rejected"
      },
      {
        "bniField": "status",
        "yourField": "payment_status",
        "mapping": "PENDING, SETTLED, REJECTED"
      },
      {
        "bniField": "timestamp",
        "yourField": "event_time",
        "mapping": "ISO 8601 datetime"
      }
    ]
  },
  "variants": [],
  "extensions": [
    {
      "name": "Status Filters",
      "description": "Filter by status (pending, settled, rejected), search by payment ID or vendor, date range filtering"
    },
    {
      "name": "Alerts",
      "description": "Send email/Slack notifications for rejected payments, alert on high-value payment settlements, threshold-based monitoring"
    }
  ],
  "implementationNotes": "Implement webhook signature verification to ensure notifications are from BNI. Use idempotency keys (eventId) to prevent duplicate processing. Monitor webhook delivery success rate and set up alerts for failures. Consider implementing a fallback polling mechanism for critical payments.",
  "complexity": "Medium",
  "region": "Global",
  "estimatedTime": "8-12 hours for wallboard implementation",
  "relatedSolutions": [
    "solution-1-automated-north-american-payables"
  ]
}
