{
  "id": "recipe-2",
  "title": "Canadian EFT Batch Payables with Status Dashboard",
  "slug": "canadian-eft-batch",
  "overview": "Upload a batch file of Canadian EFT payments, receive batch-level and item-level status notifications, and reconcile with account balances.",
  "description": "This recipe demonstrates how to process batch EFT payments for Canadian payables (such as payroll or supplier payments), monitor batch and individual payment status through webhooks, and reconcile cleared transactions with account data.",
  "industries": [
    "Payroll Processors",
    "AP Automation",
    "Manufacturing",
    "Government",
    "Education"
  ],
  "personas": [
    "Backend Developers",
    "Finance Systems Engineers",
    "Payroll Integration Specialists"
  ],
  "businessProblem": "Manual EFT file uploads to bank portals, lack of real-time status, difficult reconciliation.",
  "businessValue": "Automated batch processing reduces errors, real-time status improves cash flow visibility, webhook integration enables straight-through reconciliation.",
  "apis": [
    {
      "endpoint": "POST /oauth20/token",
      "isoMessage": "N/A",
      "purpose": "Authentication",
      "documentation_url": "https://developer.bni.com/api/commercial/documentation/authorize"
    },
    {
      "endpoint": "POST /tpp/eft/payment-initiation/customer-credit-transfer-initiation",
      "isoMessage": "PAIN.001",
      "purpose": "Submit EFT batch",
      "documentation_url": "https://developer.bni.com/api/commercial/doc/payments"
    },
    {
      "endpoint": "POST /tpp/eft/payment-initiation/get-transaction-status/get",
      "isoMessage": "CAMT.005",
      "purpose": "Query status",
      "documentation_url": "https://developer.bni.com/api/commercial/doc/payments"
    },
    {
      "endpoint": "POST /paymentStatusUpdate/v1",
      "isoMessage": "N/A",
      "purpose": "Receive status",
      "documentation_url": "https://developer.bni.com/api/commercial/documentation/payment-service-push-notification-api"
    },
    {
      "endpoint": "GET /accounts/{accountId}",
      "isoMessage": "N/A",
      "purpose": "Verify balances",
      "documentation_url": "https://developer.bni.com/api/commercial/documentation/account-information"
    }
  ],
  "prerequisites": {
    "oauthScopes": [
      "bni.tppeft.payment-initiation.create",
      "bni.tppeft.payment-initiation.read",
      "FinancialInformation"
    ],
    "requirements": [
      "OAuth 2.0 credentials",
      "Canadian bank account",
      "Webhook endpoint configured",
      "EFT file format compliance verified"
    ],
    "authenticationDetails": {
      "flow": "authorization_code",
      "preFlightChecks": [
        "Verify sufficient balance before batch submission",
        "Validate EFT file format compliance",
        "Configure webhook endpoint for notifications"
      ]
    }
  },
  "implementationSteps": [
    {
      "step": 1,
      "title": "Pre-Flight Balance Check",
      "description": "Verify sufficient funds are available before submitting batch",
      "codeExample": "GET /accounts/{accountId}\nHeaders:\n  - Authorization: Bearer {access_token}\n  - x-api-key: {your_api_key}",
      "requestSample": null,
      "responseSample": "{\n  \"accountId\": \"ACC-12345\",\n  \"balances\": [\n    {\n      \"type\": \"AVAILABLE\",\n      \"amount\": 500000.00,\n      \"currency\": \"CAD\"\n    }\n  ]\n}"
    },
    {
      "step": 2,
      "title": "Build ISO 20022 PAIN.001 Batch",
      "description": "Construct batch payment message with multiple payment items",
      "codeExample": null,
      "requestSample": "{\n  \"CstmrCdtTrfInitn\": {\n    \"GrpHdr\": {\n      \"MsgId\": \"BATCH-20251117-001\",\n      \"CreDtTm\": \"2025-11-17T10:00:00\",\n      \"NbOfTxs\": \"250\",\n      \"CtrlSum\": 125000.00,\n      \"InitgPty\": {\"Nm\": \"Your Company\"}\n    },\n    \"PmtInf\": {\n      \"PmtInfId\": \"PMT-INF-BATCH-001\",\n      \"PmtMtd\": \"TRF\",\n      \"ReqdExctnDt\": \"2025-11-18\",\n      \"Dbtr\": {\"Nm\": \"Your Company\"},\n      \"DbtrAcct\": {\"Id\": {\"Othr\": {\"Id\": \"1234567890\"}}},\n      \"DbtrAgt\": {\"FinInstnId\": {\"ClrSysMmbId\": {\"MmbId\": \"000100022\"}}},\n      \"CdtTrfTxInf\": [\n        {\n          \"PmtId\": {\"InstrId\": \"PAY-001\", \"EndToEndId\": \"PAYROLL-EMP-12345\"},\n          \"Amt\": {\"InstdAmt\": {\"_attributes\": {\"Ccy\": \"CAD\"}, \"_value\": 500.00}},\n          \"CdtrAgt\": {\"FinInstnId\": {\"ClrSysMmbId\": {\"MmbId\": \"000200033\"}}},\n          \"Cdtr\": {\"Nm\": \"Employee Name\"},\n          \"CdtrAcct\": {\"Id\": {\"Othr\": {\"Id\": \"9876543210\"}}}\n        }\n      ]\n    }\n  }\n}",
      "responseSample": null
    },
    {
      "step": 3,
      "title": "Submit EFT Batch",
      "description": "Post batch payment to EFT payment initiation endpoint",
      "codeExample": "POST /tpp/eft/payment-initiation/customer-credit-transfer-initiation\nHeaders:\n  - Authorization: Bearer {access_token}\n  - x-api-key: {your_api_key}\n  - x-fapi-interaction-id: {uuid}\n  - x-request-id: {uuid}\n  - Content-Type: application/json",
      "requestSample": null,
      "responseSample": "{\n  \"CstmrPmtStsRpt\": {\n    \"GrpHdr\": {\"MsgId\": \"BNI-BATCH-RESP-001\", \"CreDtTm\": \"2025-11-17T10:00:15\"},\n    \"OrgnlGrpInfAndSts\": {\"OrgnlMsgId\": \"BATCH-20251117-001\", \"GrpSts\": \"PART\"},\n    \"TxInfAndSts\": [\n      {\"OrgnlInstrId\": \"PAY-001\", \"OrgnlEndToEndId\": \"PAYROLL-EMP-12345\", \"TxSts\": \"ACTC\"},\n      {\"OrgnlInstrId\": \"PAY-002\", \"OrgnlEndToEndId\": \"PAYROLL-EMP-12346\", \"TxSts\": \"RJCT\", \"StsRsnInf\": {\"Rsn\": {\"Cd\": \"AC04\"}}}\n    ]\n  }\n}"
    },
    {
      "step": 4,
      "title": "Configure Webhook for Batch Updates",
      "description": "Receive batch-level and item-level status notifications",
      "codeExample": null,
      "requestSample": "{\n  \"eventType\": \"batch.status.update\",\n  \"batchId\": \"BATCH-20251117-001\",\n  \"status\": \"PROCESSING\",\n  \"timestamp\": \"2025-11-17T10:05:00Z\",\n  \"totalItems\": 250,\n  \"processedItems\": 250,\n  \"successfulItems\": 248,\n  \"failedItems\": 2\n}",
      "responseSample": null
    },
    {
      "step": 5,
      "title": "Query Payment Status (On-Demand)",
      "description": "Check real-time status of individual payments outside webhooks",
      "codeExample": "POST /tpp/eft/payment-initiation/get-transaction-status/get\nHeaders:\n  - Authorization: Bearer {access_token}\n  - x-api-key: {your_api_key}",
      "requestSample": "{\n  \"FIToFIPmtStsReq\": {\n    \"GrpHdr\": {\"MsgId\": \"STATUS-REQ-001\", \"CreDtTm\": \"2025-11-17T11:00:00\"},\n    \"TxInf\": {\"OrgnlInstrId\": \"PAY-001\", \"OrgnlEndToEndId\": \"PAYROLL-EMP-12345\"}\n  }\n}",
      "responseSample": null
    },
    {
      "step": 6,
      "title": "Reconcile with Account Information",
      "description": "Match batch control sum with debited amount in account transactions",
      "codeExample": "GET /accounts/{accountId}/transactions?startTime=2025-11-17T00:00:00Z&endTime=2025-11-18T23:59:59Z",
      "requestSample": null,
      "responseSample": "{\n  \"transactions\": [\n    {\n      \"transactionId\": \"TXN-98765\",\n      \"amount\": -125000.00,\n      \"currency\": \"CAD\",\n      \"description\": \"EFT BATCH BATCH-20251117-001\",\n      \"postingDate\": \"2025-11-18\",\n      \"type\": \"DEBIT\"\n    }\n  ]\n}"
    }
  ],
  "errorHandling": {
    "commonErrors": [
      {
        "code": "400",
        "description": "Bad Request",
        "action": "Validate PAIN.001 message structure"
      },
      {
        "code": "401",
        "description": "Unauthorized",
        "action": "Refresh access token"
      },
      {
        "code": "429",
        "description": "Too Many Requests",
        "action": "Implement rate limiting and backoff"
      }
    ],
    "edgeCases": [
      {
        "scenario": "Batch-Level Errors",
        "description": "Entire batch rejected (GrpSts = RJCT)",
        "handling": "Check reason codes, process accepted items, resubmit rejected with corrections"
      },
      {
        "scenario": "Item-Level Failures",
        "description": "AC01: Incorrect account, AC04: Closed account, AM05: Duplicate",
        "handling": "Verify with beneficiary, remove from future batches, check for resubmission issues"
      },
      {
        "scenario": "Reconciliation Gaps",
        "description": "Payment status = SETTLED but not in transactions",
        "handling": "Wait for T+1 processing, check for fees or FX adjustments"
      }
    ]
  },
  "dataModelMapping": {
    "systemToApi": [
      {
        "yourField": "employee_id",
        "bniField": "PmtId.EndToEndId",
        "format": "String",
        "validation": "Unique"
      },
      {
        "yourField": "amount",
        "bniField": "Amt.InstdAmt._value",
        "format": "Decimal",
        "validation": "CAD, 2 decimals"
      },
      {
        "yourField": "account_number",
        "bniField": "CdtrAcct.Id.Othr.Id",
        "format": "Numeric",
        "validation": "7-12 digits"
      },
      {
        "yourField": "transit_number",
        "bniField": "CdtrAgt.FinInstnId.ClrSysMmbId.MmbId",
        "format": "String",
        "validation": "9 digits"
      }
    ],
    "apiToSystem": []
  },
  "variants": [
    {
      "name": "EFT Debit (Pre-Authorized Debits)",
      "description": "Use customer-direct-debit-initiation endpoint, requires customer authorization records, common for subscription billing"
    }
  ],
  "extensions": [
    {
      "name": "Status Dashboard",
      "description": "Display batch processing metrics, real-time item status grid, exception management workflow, historical batch analytics"
    }
  ],
  "implementationNotes": "Consult BNI EFT Payments API documentation for complete PAIN.001 batch structure, Canadian EFT network requirements, batch size limits, settlement timeframes, and error code mappings.",
  "complexity": "High",
  "region": "Canada",
  "estimatedTime": "10-15 hours for batch processing implementation",
  "relatedSolutions": [
    "solution-1-automated-north-american-payables",
    "solution-5-embedded-erp-banking"
  ]
}
