{
  "id": "solution-7",
  "title": "Cheque & Deposit Image Access for AR, Audit, and Operations",
  "slug": "cheque-image-access",
  "summary": "Allow AR, audit, or back-office systems to fetch cheque and deposit images programmatically, streamlining dispute resolution and compliance processes.",
  "description": "Cheque copies and deposit images are difficult to locate across banking systems and paper archives. Manual retrieval is time-consuming, delaying dispute resolution, audit processes, and compliance reporting. Customer service teams waste hours searching for image records. This solution provides programmatic access to all images.",
  "industries": [
    "Banking",
    "Insurance",
    "Retail",
    "Government",
    "Legal",
    "Notary",
    "Real Estate"
  ],
  "personas": [
    "AR Managers",
    "Auditors",
    "Compliance Officers",
    "Legal Teams",
    "Back-Office Operations"
  ],
  "businessProblem": "Cheque copies and deposit images are difficult to locate across banking systems and paper archives. Manual retrieval is time-consuming, delaying dispute resolution, audit processes, and compliance reporting. Customer service teams waste hours searching for image records.",
  "businessOutcomes": [
    "Faster Dispute Resolution: Instant image access reduces resolution time from days to minutes",
    "Better Audit Support: Streamlined image retrieval accelerates audit processes",
    "Automated AR Workflows: Programmatic access enables automated reconciliation and dispute management",
    "Improved Compliance: Quick access to image records supports regulatory requirements",
    "Reduced Operational Costs: Eliminate manual image request processes"
  ],
  "apis": [
    {
      "name": "Image Retrieval",
      "version": "2.0.0",
      "purpose": "Programmatic image access",
      "region": "US/Canada",
      "documentation_url": "https://developer.bni.com/api/commercial/documentation/image-retrieval"
    },
    {
      "name": "Account Information",
      "version": "5.3.0",
      "purpose": "Transaction identification",
      "region": "Global",
      "documentation_url": "https://developer.bni.com/api/commercial/documentation/account-information"
    },
    {
      "name": "Authorize & Token",
      "version": "2.0.2",
      "purpose": "OAuth 2.0 authentication",
      "region": "Global",
      "documentation_url": "https://developer.bni.com/api/commercial/documentation/authorize"
    }
  ],
  "workflow": [
    {
      "step": 1,
      "title": "OAuth Configuration",
      "description": "Request OAuth 2.0 access with bni.imageretrieval.images.read scope. Implement token refresh for long-running processes."
    },
    {
      "step": 2,
      "title": "Transaction Identification",
      "description": "Query Account Information API to locate specific transactions. Filter by date range, amount, or transaction type. Identify transactions with associated images."
    },
    {
      "step": 3,
      "title": "Image Search",
      "description": "Call GET /tpp/image-retrieval/images with search criteria. Filter by: Account ID, Start date and end date, Image type (cheque, deposit slip). Receive list of available images."
    },
    {
      "step": 4,
      "title": "Image Retrieval",
      "description": "Request specific image via GET /tpp/image-retrieval/images/{imageId}. Receive base64-encoded image response. Support multiple image formats."
    },
    {
      "step": 5,
      "title": "System Integration",
      "description": "Decode base64 image for display. Embed images in AR dispute workflows. Attach images to audit documentation. Store images in document management systems."
    },
    {
      "step": 6,
      "title": "Use Case Examples",
      "description": "AR Disputes: Retrieve cheque images for payment verification. Audit Trails: Collect deposit images for compliance documentation. Legal Proceedings: Obtain image evidence for litigation support. Customer Service: Provide image copies to customers on request."
    }
  ],
  "technicalSpecifications": {
    "authentication": "OAuth 2.0 with bni.imageretrieval.images.read scope",
    "imageEncoding": "Base64-encoded responses",
    "searchFilters": [
      "Account ID",
      "Date range",
      "Image type"
    ],
    "supportedImages": [
      "Cheques",
      "Deposit slips"
    ],
    "regionalAvailability": [
      "United States",
      "Canada"
    ],
    "rateLimiting": {
      "implemented": true,
      "httpStatusCode": 429
    },
    "headers": {
      "required": [
        "authorization",
        "x-api-key"
      ]
    },
    "errorCodes": [
      {
        "code": 400,
        "description": "Bad Request"
      },
      {
        "code": 401,
        "description": "Unauthorized"
      },
      {
        "code": 403,
        "description": "Forbidden"
      },
      {
        "code": 404,
        "description": "Image Not Found"
      },
      {
        "code": 415,
        "description": "Unsupported Media Type"
      },
      {
        "code": 429,
        "description": "Too Many Requests"
      },
      {
        "code": 500,
        "description": "Internal Server Error"
      },
      {
        "code": 504,
        "description": "Gateway Timeout"
      }
    ]
  },
  "implementationNotes": "Review the Image Retrieval API documentation for complete query parameters, image format specifications, date range limitations, retention periods, error codes, and base64 decoding requirements.",
  "region": "US/Canada",
  "complexity": "Medium",
  "relatedRecipes": [
    "recipe-5-cheque-image-access",
    "recipe-4-treasury-dashboard"
  ]
}
