{
  "id": "solution-3",
  "title": "Instant Payouts & Refunds (Canada – Interac e-Transfer)",
  "slug": "instant-payouts-interac",
  "summary": "Automate instant funds disbursement using email or phone-based payout flows with real-time delivery confirmation through Interac e-Transfer network.",
  "description": "Slow refund or payout processes (3-5 business days via traditional methods) lead to poor customer experience, increased support inquiries, and competitive disadvantage. Customers expect instant gratification and real-time fund availability. This solution delivers funds in minutes via Interac e-Transfer.",
  "industries": [
    "Marketplaces",
    "Gig Economy",
    "Insurance Claims",
    "Ecommerce",
    "Fintech",
    "Gaming"
  ],
  "personas": [
    "Product Managers",
    "Platform Operations",
    "Claims Managers",
    "Finance Directors"
  ],
  "businessProblem": "Slow refund or payout processes (3-5 business days via traditional methods) lead to poor customer experience, increased support inquiries, and competitive disadvantage. Customers expect instant gratification and real-time fund availability.",
  "businessOutcomes": [
    "Real-Time Customer Payouts: Funds available to recipients within minutes instead of days",
    "Reduced Support Tickets: Instant confirmation eliminates 'where's my payment' inquiries",
    "Better Customer Satisfaction: Improved NPS scores through faster fund availability",
    "Competitive Advantage: Match or exceed competitor payout speeds",
    "Lower Operational Costs: Automated processing reduces manual intervention"
  ],
  "apis": [
    {
      "name": "Instant Payments (Interac e-Transfer)",
      "version": "4.1.0",
      "purpose": "Instant payment processing via Interac network",
      "region": "Canada Only",
      "documentation_url": "https://developer.bni.com/api/commercial/doc/payments"
    },
    {
      "name": "Push Notifications",
      "version": "1.0.0",
      "purpose": "Real-time payment delivery status",
      "region": "Global",
      "documentation_url": "https://developer.bni.com/api/commercial/documentation/payment-service-push-notification-api"
    },
    {
      "name": "Authorize & Token",
      "version": "2.0.2",
      "purpose": "OAuth 2.0 authentication",
      "region": "Global",
      "documentation_url": "https://developer.bni.com/api/commercial/documentation/authorize"
    }
  ],
  "workflow": [
    {
      "step": 1,
      "title": "OAuth Setup",
      "description": "Obtain OAuth 2.0 credentials with scopes: bni.tppinterac.payment-initiation.create. Configure token refresh mechanism."
    },
    {
      "step": 2,
      "title": "Recipient Setup (Optional)",
      "description": "Call RecipientPaymentOptions endpoint (ACMT.023 message). Retrieve available payment options for recipient. Receive ACMT.024 response with configuration."
    },
    {
      "step": 3,
      "title": "Instant Payout Initiation",
      "description": "Submit CustomerCreditTransferInitiation with PAIN.001 ISO 20022 message. Include recipient email or phone number for Interac e-Transfer. Receive PAIN.002 acknowledgment with transaction ID."
    },
    {
      "step": 4,
      "title": "Alternative: Request for Payment",
      "description": "Send CreditorPaymentActivationRequest (PAIN.013 message). Request funds from recipient with payment details. Receive PAIN.014 response."
    },
    {
      "step": 5,
      "title": "Delivery Monitoring",
      "description": "Register webhook endpoint for Push Notifications. Receive real-time events for payment delivery, acceptance, or expiry. Handle notification callbacks securely."
    },
    {
      "step": 6,
      "title": "Status Inquiry",
      "description": "Query GetTransaction endpoint with CAMT.005 message. Receive PAIN.002 response with current payment status. Support both payout and request-for-payment status checks."
    },
    {
      "step": 7,
      "title": "Customer Notification",
      "description": "Update customer profile with payout status. Send confirmation to end-user. Handle edge cases (expired transfers, declined payments)."
    }
  ],
  "technicalSpecifications": {
    "authentication": "OAuth 2.0 authorization code flow",
    "messageStandards": [
      "ISO 20022 PAIN.001",
      "ISO 20022 PAIN.002",
      "ISO 20022 PAIN.013",
      "ISO 20022 PAIN.014",
      "ISO 20022 CAMT.005",
      "ISO 20022 ACMT.023",
      "ISO 20022 ACMT.024"
    ],
    "network": "Interac e-Transfer (Canada only)",
    "recipientIdentification": [
      "Email address",
      "Phone number"
    ],
    "fieldEncryption": {
      "supported": true,
      "header": "x-crypto-key"
    },
    "rateLimiting": {
      "implemented": true,
      "httpStatusCode": 429
    },
    "headers": {
      "required": [
        "authorization",
        "x-api-key"
      ],
      "optional": [
        "x-crypto-key",
        "x-fapi-interaction-id"
      ]
    }
  },
  "implementationNotes": "Consult the Interac e-Transfer API documentation at developer.bni.com for complete ISO 20022 message schemas, validation rules, recipient limits, transfer expiry periods, and error handling procedures (400, 401, 403, 404, 415, 429, 500, 504).",
  "region": "Canada",
  "complexity": "High",
  "relatedRecipes": [
    "recipe-3-instant-payout-interac",
    "recipe-8-payment-status-wallboard"
  ]
}
