{
  "id": "solution-5",
  "title": "Embedded Banking in ERP Systems",
  "slug": "embedded-erp-banking",
  "summary": "Integrate BNI payment initiation, reconciliation, and balance visibility directly into ERP workflows, eliminating portal switching and manual data entry.",
  "description": "Finance teams constantly switch between ERP systems and banking portals for payment approvals, balance checks, and reconciliation. This context switching wastes time, introduces errors from manual data re-entry, and delays critical financial operations. This solution embeds banking capabilities directly into ERP systems.",
  "industries": [
    "Mid-Market & Enterprise ERPs (SAP, Oracle, Dynamics, NetSuite)",
    "Manufacturing",
    "Retail",
    "Services"
  ],
  "personas": [
    "ERP Administrators",
    "IT Directors",
    "Finance Operations",
    "System Integrators"
  ],
  "businessProblem": "Finance teams constantly switch between ERP systems and banking portals for payment approvals, balance checks, and reconciliation. This context switching wastes time, introduces errors from manual data re-entry, and delays critical financial operations.",
  "businessOutcomes": [
    "Eliminate Portal Switching: All banking operations accessible within familiar ERP interface",
    "Accelerate Pay Cycle Automation: Reduce time from invoice approval to payment execution",
    "Increase Financial Data Accuracy: Eliminate manual re-entry errors between systems",
    "Improve User Adoption: Finance teams work in single system, reducing training needs",
    "Enable Real-Time Cash Visibility: Treasury sees current cash positions without leaving ERP"
  ],
  "apis": [
    {
      "name": "ACH Payments",
      "version": "1.0.1",
      "purpose": "US payment initiation",
      "region": "US",
      "documentation_url": "https://developer.bni.com/api/commercial/doc/payments"
    },
    {
      "name": "EFT Payments",
      "version": "2.2.5",
      "purpose": "Canadian payment initiation",
      "region": "Canada",
      "documentation_url": "https://developer.bni.com/api/commercial/doc/payments"
    },
    {
      "name": "Wire Payments",
      "version": "1.0.2",
      "purpose": "International wire transfers",
      "region": "International",
      "documentation_url": "https://developer.bni.com/api/commercial/documentation/wirepayment"
    },
    {
      "name": "Account Information",
      "version": "5.3.0",
      "purpose": "Real-time balances and transactions",
      "region": "Global",
      "documentation_url": "https://developer.bni.com/api/commercial/documentation/account-information"
    },
    {
      "name": "Push Notifications",
      "version": "1.0.0",
      "purpose": "Payment status updates",
      "region": "Global",
      "documentation_url": "https://developer.bni.com/api/commercial/documentation/payment-service-push-notification-api"
    },
    {
      "name": "Authorize & Token",
      "version": "2.0.2",
      "purpose": "OAuth 2.0 authentication",
      "region": "Global",
      "documentation_url": "https://developer.bni.com/api/commercial/documentation/authorize"
    }
  ],
  "workflow": [
    {
      "step": 1,
      "title": "ERP Integration Architecture",
      "description": "Implement OAuth 2.0 middleware within ERP environment. Configure secure credential storage. Set up token refresh mechanisms (15-min production tokens)."
    },
    {
      "step": 2,
      "title": "Payment Initiation from ERP",
      "description": "Map ERP payment files to ISO 20022 PAIN.001 format. Support ACH, EFT, and Wire payment types. Submit payments directly from AP workflow screens. Receive PAIN.002 acknowledgment and store transaction IDs."
    },
    {
      "step": 3,
      "title": "Balance Visibility in ERP",
      "description": "Display real-time account balances in ERP dashboard. Call Account Information API on demand or scheduled intervals. Show current, available, and ledger balances. Support multi-account and multi-entity views."
    },
    {
      "step": 4,
      "title": "Automated Reconciliation",
      "description": "Retrieve transactions via Account Information API. Match ERP payment references with bank transaction IDs. Auto-post cleared transactions to ERP ledger. Flag exceptions for manual review."
    },
    {
      "step": 5,
      "title": "Status Tracking Integration",
      "description": "Configure webhook endpoint within ERP infrastructure. Receive Push Notification events for payment status. Update payment records in ERP automatically. Trigger workflow actions based on status (approved, rejected, settled)."
    },
    {
      "step": 6,
      "title": "User Experience",
      "description": "Embedded 'Pay Now' button in AP invoice screens. Real-time balance checks before payment approval. In-context payment status visibility. Elimination of portal switching."
    }
  ],
  "technicalSpecifications": {
    "authentication": "OAuth 2.0 delegated authorization",
    "messageStandards": [
      "ISO 20022 PAIN.001",
      "ISO 20022 PAIN.002",
      "ISO 20022 CAMT messages"
    ],
    "integrationPatterns": "RESTful API calls from ERP middleware",
    "dataAccess": "API-based balance and transaction queries",
    "webhookSecurity": "Signature verification for Push Notifications",
    "multiRailSupport": [
      "ACH",
      "EFT",
      "Wire"
    ],
    "headers": {
      "required": [
        "authorization",
        "x-api-key"
      ],
      "optional": [
        "x-fapi-interaction-id",
        "x-request-id"
      ]
    }
  },
  "implementationNotes": "Work with ERP implementation partners and consult BNI developer documentation for API schemas, OAuth flows, webhook setup, error handling, and ISO 20022 message mapping. Pre-built connectors may be available for major ERP platforms.",
  "region": "Global",
  "complexity": "High",
  "relatedRecipes": [
    "recipe-6-erp-pay-now-button",
    "recipe-10-automated-reconciliation",
    "recipe-7-oauth-authorization-flow"
  ]
}
