{
  "id": "solution-6",
  "title": "Cross-Border Supplier Payments (ACH + Wire)",
  "slug": "cross-border-payments",
  "summary": "Provide a unified cross-border payment pipeline with trackable status for international supplier payments, combining ACH and wire transfer capabilities.",
  "description": "International supplier payments are slow (3-5 days), expensive (high wire fees), risky (FX exposure, incorrect beneficiary details), and lack transparency (no real-time tracking). Suppliers demand faster, more reliable payment options to maintain service levels. This solution provides smart routing and real-time tracking.",
  "industries": [
    "Import/Export",
    "Logistics",
    "Manufacturing",
    "Wholesale",
    "Global Supply Chain"
  ],
  "personas": [
    "Treasury Managers",
    "Procurement Directors",
    "Supply Chain Finance",
    "International Trade"
  ],
  "businessProblem": "International supplier payments are slow (3-5 days), expensive (high wire fees), risky (FX exposure, incorrect beneficiary details), and lack transparency (no real-time tracking). Suppliers demand faster, more reliable payment options to maintain service levels.",
  "businessOutcomes": [
    "Reduce Reliance on Manual Wires: Automated API-based wire initiation eliminates manual portal entry",
    "Improve Supplier Trust: Transparent status tracking builds confidence in payment reliability",
    "Optimize Payment Costs: Smart routing between ACH and wire minimizes fees",
    "Accelerate Payment Speed: Faster processing strengthens supplier relationships",
    "Enhance Visibility: Real-time tracking reduces 'where's my payment' inquiries"
  ],
  "apis": [
    {
      "name": "ACH Payments",
      "version": "1.0.1",
      "purpose": "US domestic and outbound ACH",
      "region": "US",
      "documentation_url": "https://developer.bni.com/api/commercial/doc/payments"
    },
    {
      "name": "Wire Payments",
      "version": "1.0.2",
      "purpose": "International wire transfers",
      "region": "International",
      "documentation_url": "https://developer.bni.com/api/commercial/documentation/wirepayment"
    },
    {
      "name": "Account Information",
      "version": "5.3.0",
      "purpose": "Balance verification",
      "region": "Global",
      "documentation_url": "https://developer.bni.com/api/commercial/documentation/account-information"
    },
    {
      "name": "Push Notifications",
      "version": "1.0.0",
      "purpose": "Payment tracking",
      "region": "Global",
      "documentation_url": "https://developer.bni.com/api/commercial/documentation/payment-service-push-notification-api"
    },
    {
      "name": "Authorize & Token",
      "version": "2.0.2",
      "purpose": "OAuth 2.0 authentication",
      "region": "Global",
      "documentation_url": "https://developer.bni.com/api/commercial/documentation/authorize"
    }
  ],
  "workflow": [
    {
      "step": 1,
      "title": "Payment Method Selection",
      "description": "Route domestic US payments via ACH (lower cost). Route international payments via Wire (faster, broader coverage). Implement smart routing based on destination country and urgency."
    },
    {
      "step": 2,
      "title": "Pre-Payment Balance Check",
      "description": "Query available balance via Account Information API. Verify sufficient funds before payment initiation. Prevent overdraft situations."
    },
    {
      "step": 3,
      "title": "ACH Outbound (US)",
      "description": "Submit PAIN.001 ISO 20022 message for ACH credit. Include complete beneficiary details. Receive PAIN.002 acknowledgment."
    },
    {
      "step": 4,
      "title": "Wire Transfer (International)",
      "description": "Submit PAIN.001 ISO 20022 message for wire payment. Include SWIFT/BIC codes for international routing. Support multiple currencies and correspondent banking details. Receive PAIN.002 response with wire reference."
    },
    {
      "step": 5,
      "title": "Status Tracking",
      "description": "Subscribe to Push Notification webhooks. Receive events for payment acceptance, processing, settlement. Track wire transfers through SWIFT network. Monitor ACH clearing status."
    },
    {
      "step": 6,
      "title": "Supplier Portal Integration",
      "description": "Provide payment status visibility to suppliers. Share expected settlement dates. Send notifications on payment completion."
    },
    {
      "step": 7,
      "title": "FX and Fees",
      "description": "Capture FX rates and wire fees from API responses. Reconcile total payment amounts. Report costs for supplier invoicing."
    }
  ],
  "technicalSpecifications": {
    "authentication": "OAuth 2.0 authorization code flow",
    "messageStandards": [
      "ISO 20022 PAIN.001",
      "ISO 20022 PAIN.002",
      "ISO 20022 CAMT.005"
    ],
    "paymentRails": [
      "ACH (US domestic)",
      "Wire (International via SWIFT)"
    ],
    "statusTracking": "Webhook-based Push Notifications",
    "multiCurrency": {
      "supported": true,
      "api": "Wire Payments"
    },
    "rateLimiting": {
      "implemented": true,
      "httpStatusCode": 429,
      "enforcement": "API Gateway"
    },
    "headers": {
      "required": [
        "authorization",
        "x-api-key"
      ],
      "optional": [
        "x-fapi-interaction-id",
        "x-request-id"
      ]
    }
  },
  "implementationNotes": "Consult Wire Payments and ACH Payments API documentation for complete beneficiary requirements, SWIFT code formats, currency support, correspondent bank details, fee structures, and settlement timeframes. Cross-border payments may require additional compliance documentation.",
  "region": "International",
  "complexity": "High",
  "relatedRecipes": [
    "recipe-1-vendor-payment-ach-validation",
    "recipe-8-payment-status-wallboard"
  ]
}
