{
  "id": "solution-8",
  "title": "OAuth-Based Corporate Data Access (Open Banking Style)",
  "slug": "oauth-corporate-data-access",
  "summary": "Enable third-party platforms or internal systems to access corporate accounts securely via delegated OAuth authorization, reducing credential sharing risks.",
  "description": "Enterprises need secure and controlled access to account data and payment initiation for third-party systems. Traditional credential sharing creates security vulnerabilities, compliance issues, and operational risks. Companies need granular permission control and audit trails. This solution implements industry-standard OAuth 2.0.",
  "industries": [
    "Fintech",
    "Platforms",
    "ERP Integrators",
    "Aggregators",
    "Banking-as-a-Service"
  ],
  "personas": [
    "Platform Developers",
    "Security Architects",
    "IT Directors",
    "Product Managers"
  ],
  "businessProblem": "Enterprises need secure and controlled access to account data and payment initiation for third-party systems. Traditional credential sharing creates security vulnerabilities, compliance issues, and operational risks. Companies need granular permission control and audit trails.",
  "businessOutcomes": [
    "Stronger Security Posture: OAuth eliminates need to share banking credentials with third parties",
    "Centralized Access Management: Granular scope-based permissions provide precise control",
    "Reduced Risk from Credential Sharing: No passwords exposed to external systems",
    "Enhanced Compliance: OAuth flows provide audit trails for regulatory requirements",
    "Improved User Experience: Single sign-on and consent-based authorization"
  ],
  "apis": [
    {
      "name": "Authorize & Token",
      "version": "2.0.2",
      "purpose": "OAuth 2.0 delegated authorization",
      "region": "Global",
      "documentation_url": "https://developer.bni.com/api/commercial/documentation/authorize"
    },
    {
      "name": "Account Information",
      "version": "5.3.0",
      "purpose": "Account data access",
      "region": "Global",
      "documentation_url": "https://developer.bni.com/api/commercial/documentation/account-information"
    },
    {
      "name": "ACH Payments",
      "version": "1.0.1",
      "purpose": "Payment initiation",
      "region": "US",
      "documentation_url": "https://developer.bni.com/api/commercial/doc/payments"
    },
    {
      "name": "EFT Payments",
      "version": "2.2.5",
      "purpose": "Payment initiation",
      "region": "Canada",
      "documentation_url": "https://developer.bni.com/api/commercial/doc/payments"
    },
    {
      "name": "Wire Payments",
      "version": "1.0.2",
      "purpose": "Payment initiation",
      "region": "International",
      "documentation_url": "https://developer.bni.com/api/commercial/documentation/wirepayment"
    }
  ],
  "workflow": [
    {
      "step": 1,
      "title": "OAuth 2.0 Authorization Code Flow",
      "description": "Third-party application redirects user to BNI authorization endpoint: GET /oauth20/authorize. Include parameters: client_id (application identifier), redirect_uri (callback URL), scope (requested permissions), state (CSRF protection), response_type=code."
    },
    {
      "step": 2,
      "title": "User Consent",
      "description": "User authenticates with BNI credentials. Reviews requested permissions (scopes). Grants or denies access to third-party application. BNI redirects back with authorization code."
    },
    {
      "step": 3,
      "title": "Token Exchange",
      "description": "Application exchanges authorization code for access token: POST /oauth20/token. Includes: grant_type=authorization_code, client_id and client_secret, code (authorization code), redirect_uri. Receives access_token and refresh_token."
    },
    {
      "step": 4,
      "title": "API Access with Token",
      "description": "Application calls BNI APIs using access token in Authorization header. Token scopes determine available operations: FinancialInformation (Read account data), bni.tppach.payment-initiation.create (Initiate ACH payments), bni.tppeft.payment-initiation.create (Initiate EFT payments), bni.tppwiresca.payment-initiation.create (Initiate wire transfers)."
    },
    {
      "step": 5,
      "title": "Token Management",
      "description": "Access tokens expire after 15 minutes (production). Use refresh token to obtain new access token: POST /oauth20/token with grant_type=refresh_token. Implement automatic token refresh logic."
    },
    {
      "step": 6,
      "title": "Scope-Based Access Control",
      "description": "Request minimal required scopes. Separate read and write permissions. Audit token usage and API calls."
    },
    {
      "step": 7,
      "title": "Revocation and Security",
      "description": "Users can revoke access via BNI portal. Applications should handle 401 Unauthorized responses. Implement secure credential storage for client secrets."
    }
  ],
  "technicalSpecifications": {
    "oauthFlow": "Authorization code with PKCE recommended",
    "tokenExpiration": {
      "production": "15 minutes",
      "sandbox": "24 hours"
    },
    "refreshTokens": {
      "supported": true,
      "description": "Supported for long-lived access"
    },
    "supportedGrantTypes": [
      "authorization_code",
      "refresh_token",
      "client_credentials"
    ],
    "scopeExamples": [
      "FinancialInformation",
      "AccountValidation",
      "bni.tppach.payment-initiation.read",
      "bni.tppach.payment-initiation.create",
      "bni.tppeft.payment-initiation.read",
      "bni.tppeft.payment-initiation.create",
      "bni.tppwiresca.payment-initiation.read",
      "bni.tppwiresca.payment-initiation.create",
      "bni.imageretrieval.images.read"
    ],
    "security": {
      "httpsRequired": true,
      "stateParameter": "CSRF protection",
      "pkceRecommended": true
    },
    "headers": {
      "required": [
        "authorization",
        "x-api-key"
      ]
    },
    "errorCodes": [
      {
        "code": "invalid_request",
        "description": "The request is missing a required parameter"
      },
      {
        "code": "invalid_client",
        "description": "Client authentication failed"
      },
      {
        "code": "invalid_grant",
        "description": "The authorization code is invalid or expired"
      },
      {
        "code": "unauthorized_client",
        "description": "Client is not authorized for this grant type"
      },
      {
        "code": "unsupported_grant_type",
        "description": "Grant type is not supported"
      }
    ]
  },
  "implementationNotes": "Follow OAuth 2.0 and OpenID Connect best practices. Consult the Authorize API documentation for complete authorization flows, scope definitions, token lifetime management, error responses, redirect URI requirements, and security recommendations.",
  "region": "Global",
  "complexity": "High",
  "relatedRecipes": [
    "recipe-7-oauth-authorization-flow",
    "recipe-6-erp-pay-now-button"
  ]
}
