{
  "id": "solution-2",
  "title": "Real-Time Treasury & Liquidity Visibility",
  "slug": "real-time-treasury-visibility",
  "summary": "Embed real-time account balances, transaction data, and reconciliation views directly into treasury dashboards, ERP systems, and financial management platforms.",
  "description": "Treasury teams rely on manual processes or end-of-day batch reports for account information, limiting their ability to make informed intraday liquidity decisions. Lack of real-time visibility leads to inefficient cash positioning, missed investment opportunities, and potential overdraft situations. This solution provides instant access to account data for proactive treasury management.",
  "industries": [
    "Corporate Treasury",
    "Banking-as-a-Service Platforms",
    "Fintech",
    "Insurance",
    "Large Enterprises"
  ],
  "personas": [
    "Treasury Managers",
    "Cash Managers",
    "Financial Analysts",
    "CFOs"
  ],
  "businessProblem": "Treasury teams rely on manual processes or end-of-day batch reports for account information, limiting their ability to make informed intraday liquidity decisions. Lack of real-time visibility leads to inefficient cash positioning, missed investment opportunities, and potential overdraft situations.",
  "businessOutcomes": [
    "Improve Liquidity Management: Real-time balance visibility enables better cash positioning and investment decisions",
    "Enable Intraday Decision-Making: Access to current balances supports time-sensitive treasury operations",
    "Reduce Manual Reporting: Automated data retrieval eliminates manual balance inquiries and spreadsheet updates",
    "Enhance Audit Capabilities: Direct access to cheque images streamlines audit and dispute resolution processes",
    "Support Multi-Account Management: Single API integration provides unified view across all authorized accounts"
  ],
  "apis": [
    {
      "name": "Account Information",
      "version": "5.3.0",
      "purpose": "Real-time account balances and transactions",
      "region": "Global",
      "documentation_url": "https://developer.bni.com/api/commercial/documentation/account-information"
    },
    {
      "name": "Image Retrieval",
      "version": "2.0.0",
      "purpose": "Cheque and deposit slip images for audit",
      "region": "US/Canada",
      "documentation_url": "https://developer.bni.com/api/commercial/documentation/image-retrieval"
    },
    {
      "name": "Authorize & Token",
      "version": "2.0.2",
      "purpose": "OAuth 2.0 authentication",
      "region": "Global",
      "documentation_url": "https://developer.bni.com/api/commercial/documentation/authorize"
    }
  ],
  "workflow": [
    {
      "step": 1,
      "title": "OAuth Authorization",
      "description": "Implement OAuth 2.0 authorization code flow. Request FinancialInformation scope. Handle token refresh (15-minute expiry in production)."
    },
    {
      "step": 2,
      "title": "Account Discovery",
      "description": "Call GET /accounts to retrieve list of authorized accounts. Filter by account IDs, time ranges, and result types. Support pagination via offset and limit parameters."
    },
    {
      "step": 3,
      "title": "Balance Retrieval",
      "description": "Fetch real-time balances for specific accounts via GET /accounts/{accountId}. Support multiple account types: Loan, Deposit, LOC (Line of Credit), Investment. Access current, available, and ledger balances."
    },
    {
      "step": 4,
      "title": "Transaction History",
      "description": "Query transactions via GET /accounts/{accountId}/transactions. Filter by date range (startTime, endTime). Paginate through transaction history. Use distinct header to eliminate duplicates."
    },
    {
      "step": 5,
      "title": "Document Access (Optional)",
      "description": "Retrieve cheque images via Image Retrieval API for audit trails. Search images by account ID, date range, and image type. Receive base64-encoded images for display."
    },
    {
      "step": 6,
      "title": "Dashboard Integration",
      "description": "Display real-time data in treasury management systems. Set up automated refresh intervals. Implement error handling for rate limits (HTTP 429)."
    }
  ],
  "technicalSpecifications": {
    "authentication": "OAuth 2.0 with FinancialInformation scope",
    "messageStandards": [],
    "rateLimiting": {
      "implemented": true,
      "httpStatusCode": 429,
      "description": "Implemented at API Gateway level"
    },
    "pagination": {
      "supported": true,
      "parameters": [
        "offset",
        "limit"
      ]
    },
    "accountTypes": [
      "Loan",
      "Deposit",
      "LOC",
      "Investment"
    ],
    "imageFormats": "Base64-encoded responses",
    "dataFreshness": "Real-time account data",
    "headers": {
      "required": [
        "authorization",
        "x-api-key"
      ],
      "optional": [
        "distinct"
      ]
    }
  },
  "implementationNotes": "Refer to the Account Information API and Image Retrieval API documentation on developer.bni.com for complete request/response schemas, query parameters, error codes (400, 401, 403, 404, 415, 429, 500, 502, 504), and integration requirements.",
  "region": "Global",
  "complexity": "Medium",
  "relatedRecipes": [
    "recipe-4-treasury-dashboard",
    "recipe-5-cheque-image-access",
    "recipe-7-oauth-authorization-flow"
  ]
}
