{
  "id": "solution-1",
  "title": "Automated North American Payables (US & Canada)",
  "slug": "automated-north-american-payables",
  "summary": "Build a unified payables workflow that validates beneficiaries, initiates ACH/EFT/wire payments, and receives real-time payment status notifications across US and Canadian markets.",
  "description": "Organizations manually process vendor payments across multiple rails (ACH, EFT, wires), resulting in processing delays, payment errors, failed transactions, and reconciliation gaps. This solution provides an automated, unified approach to North American payables with account validation, multi-rail payment initiation, and real-time status tracking.",
  "industries": [
    "Corporate Treasury",
    "Manufacturing",
    "Retail",
    "Logistics",
    "Professional Services",
    "Energy"
  ],
  "personas": [
    "Treasury Managers",
    "AP Directors",
    "Financial Controllers",
    "CFOs"
  ],
  "businessProblem": "Organizations manually process vendor payments across multiple rails (ACH, EFT, wires), resulting in processing delays, payment errors, failed transactions, and reconciliation gaps. Finance teams lack real-time visibility into payment status, leading to vendor relationship issues and operational inefficiencies.",
  "businessOutcomes": [
    "Reduce Payment Errors: Account validation reduces failed payments by verifying account ownership before transfer initiation",
    "Automate Multi-Rail Processing: Single API integration supports ACH, EFT, and wire payments across North America",
    "Improve Operational Efficiency: Eliminate manual payment entry and reduce processing time from hours to minutes",
    "Enable Real-Time Reconciliation: Webhook notifications provide instant payment status for automated reconciliation",
    "Enhance Vendor Relationships: Faster, more accurate payments improve supplier satisfaction and may unlock early payment discounts"
  ],
  "apis": [
    {
      "name": "Account Validation",
      "version": "1.0",
      "purpose": "Verify US account ownership and risk assessment",
      "region": "US Only",
      "documentation_url": "https://developer.bni.com/api/commercial/documentation/account-validation"
    },
    {
      "name": "ACH Payments",
      "version": "1.0.1",
      "purpose": "US domestic payments via ACH network",
      "region": "US",
      "documentation_url": "https://developer.bni.com/api/commercial/doc/payments"
    },
    {
      "name": "EFT Payments",
      "version": "2.2.5",
      "purpose": "Canadian domestic payments via EFT network",
      "region": "Canada",
      "documentation_url": "https://developer.bni.com/api/commercial/doc/payments"
    },
    {
      "name": "Wire Payments",
      "version": "1.0.2",
      "purpose": "International and domestic wire transfers",
      "region": "US/Canada/International",
      "documentation_url": "https://developer.bni.com/api/commercial/documentation/wirepayment"
    },
    {
      "name": "Push Notifications",
      "version": "1.0.0",
      "purpose": "Real-time payment status updates",
      "region": "Global",
      "documentation_url": "https://developer.bni.com/api/commercial/documentation/payment-service-push-notification-api"
    },
    {
      "name": "Authorize & Token",
      "version": "2.0.2",
      "purpose": "OAuth 2.0 authentication",
      "region": "Global",
      "documentation_url": "https://developer.bni.com/api/commercial/documentation/authorize"
    }
  ],
  "workflow": [
    {
      "step": 1,
      "title": "Authentication Setup",
      "description": "Obtain OAuth 2.0 credentials via Authorize API. Configure API keys and access tokens (15-min expiry in production, 24-hr in sandbox)."
    },
    {
      "step": 2,
      "title": "Vendor Validation (US Only)",
      "description": "Submit up to 100 US accounts per call to Account Validation API. Receive risk-level score (LOW, MEDIUM, HIGH). Verify account ownership against Early Warning database. Use field-level encryption for PII data (SSN, DOB, Tax ID)."
    },
    {
      "step": 3,
      "title": "Payment Initiation",
      "description": "US ACH: Submit ISO 20022 PAIN.001 (credit) or PAIN.008 (debit) messages. Canada EFT: Submit ISO 20022 PAIN.001 for credit/debit transfers. Wire Transfers: Submit ISO 20022 PAIN.001 for domestic/international wires. Receive PAIN.002 response with payment acceptance status."
    },
    {
      "step": 4,
      "title": "Status Tracking",
      "description": "Register webhook endpoint with Push Notifications API. Receive real-time payment status updates for ACH, EFT, Wire, and Interac transactions. Process event-driven notifications for payment lifecycle."
    },
    {
      "step": 5,
      "title": "Reconciliation",
      "description": "Match internal payment references with bank transaction IDs. Auto-reconcile successful payments. Flag exceptions for manual review."
    }
  ],
  "technicalSpecifications": {
    "authentication": "OAuth 2.0 authorization code flow",
    "messageStandards": [
      "ISO 20022 PAIN.001",
      "ISO 20022 PAIN.002",
      "ISO 20022 PAIN.008",
      "ISO 20022 CAMT.005"
    ],
    "rateLimiting": {
      "implemented": true,
      "httpStatusCode": 429,
      "description": "HTTP 429 responses when limits exceeded"
    },
    "encryption": {
      "required": true,
      "type": "Field-level encryption for PII",
      "encoding": "base64 encoded via x-crypto-key header"
    },
    "batchLimits": {
      "accountValidation": 100
    },
    "headers": {
      "required": [
        "authorization",
        "x-api-key"
      ],
      "optional": [
        "x-crypto-key",
        "x-fapi-interaction-id",
        "x-request-id"
      ]
    }
  },
  "implementationNotes": "All technical details including request/response schemas, field names, error codes, and API limits must be sourced directly from the BNI Developer Portal documentation. This solution overview provides business context only. Consult the linked API documentation for complete implementation specifications.",
  "region": "North America (US & Canada)",
  "complexity": "High",
  "relatedRecipes": [
    "recipe-1-vendor-payment-ach-validation",
    "recipe-2-canadian-eft-batch",
    "recipe-6-erp-pay-now-button",
    "recipe-10-automated-reconciliation"
  ]
}
